"Date ","series ","OPEN ","HIGH ","LOW ","PREV. CLOSE ","ltp ","close ","vwap ","52W H ","52W L ","VOLUME ","VALUE ","No of trades "
"03-Apr-2020","EQ","10,321.00","10,500.00","9,990.05","10,410.65","10,500.00","10,363.05","10,315.63","12,774.90","8,400.00",10634,"109,696,426.35",2962
"01-Apr-2020","EQ","10,161.30","10,499.35","10,125.00","10,269.35","10,414.00","10,410.65","10,214.97","12,774.90","8,400.00",5079,"51,881,851.70",1247
"31-Mar-2020","EQ","10,319.95","10,550.00","10,009.95","10,081.25","10,299.95","10,269.35","10,262.72","12,774.90","8,400.00",16275,"167,025,810.60",2490
"30-Mar-2020","EQ","9,927.00","10,261.75","9,703.50","9,873.45","10,100.00","10,081.25","9,976.03","12,774.90","8,400.00",3710,"37,011,066.80",1535
"27-Mar-2020","EQ","9,550.00","10,688.00","9,501.00","9,429.45","9,800.05","9,873.45","10,059.74","12,774.90","8,400.00",13342,"134,217,053.65",3948
"26-Mar-2020","EQ","9,124.00","9,712.55","8,950.00","9,128.05","9,490.00","9,429.45","9,266.78","12,774.90","8,400.00",12295,"113,935,070.35",1732
"25-Mar-2020","EQ","9,299.90","9,480.00","8,755.50","9,035.35","9,075.10","9,128.05","9,166.43","12,774.90","8,400.00",5453,"49,984,552.70",1759
"24-Mar-2020","EQ","8,627.00","9,199.75","8,627.00","8,917.65","9,000.00","9,035.35","8,932.04","12,774.90","8,400.00",5268,"47,053,966.95",1546
"23-Mar-2020","EQ","8,626.00","9,800.00","8,626.00","9,826.80","8,875.15","8,917.65","9,058.65","12,774.90","8,400.00",6148,"55,692,582.95",2517
"20-Mar-2020","EQ","9,750.00","10,000.00","9,478.80","9,507.00","9,999.00","9,826.80","9,677.71","12,774.90","8,400.00",7086,"68,576,273.15",2529
"19-Mar-2020","EQ","9,904.45","10,200.00","8,576.05","10,039.20","9,750.00","9,507.00","9,431.14","12,774.90","8,400.00",12781,"120,539,345.85",4741
"18-Mar-2020","EQ","10,169.95","10,248.15","9,815.45","10,003.95","10,069.00","10,039.20","10,037.82","12,774.90","8,400.00",10373,"104,122,290.75",3923
"17-Mar-2020","EQ","10,086.00","10,395.80","9,777.00","10,089.65","10,099.80","10,003.95","9,992.46","12,774.90","8,400.00",5105,"51,011,487.15",1877
"16-Mar-2020","EQ","10,000.00","10,488.80","9,800.05","10,117.05","10,100.00","10,089.65","10,064.67","12,774.90","8,400.00",25807,"259,739,022.15",2589
"13-Mar-2020","EQ","8,959.65","10,389.95","8,400.00","9,559.65","10,251.00","10,117.05","9,567.65","12,774.90","8,400.00",11425,"109,310,448.40",3938
"12-Mar-2020","EQ","10,000.00","10,000.00","8,899.10","10,057.55","9,699.00","9,559.65","9,292.98","12,774.90","8,899.10",13463,"125,111,428.85",5343
"11-Mar-2020","EQ","10,400.00","10,685.00","10,000.00","10,471.60","10,000.00","10,057.55","10,236.54","12,774.90","9,725.10",5478,"56,075,764.30",2741
"09-Mar-2020","EQ","10,438.00","10,571.25","10,207.50","10,488.50","10,498.00","10,471.60","10,329.42","12,774.90","9,725.10",5189,"53,599,341.10",1789
"06-Mar-2020","EQ","10,298.00","10,697.95","10,012.15","10,298.25","10,579.55","10,488.50","10,325.95","12,774.90","9,725.10",8612,"88,927,091.10",1728
"05-Mar-2020","EQ","10,540.00","10,556.00","10,112.00","10,423.15","10,330.05","10,298.25","10,316.43","12,774.90","9,725.10",5875,"60,609,038.45",2893
"04-Mar-2020","EQ","10,852.10","10,968.70","10,280.00","10,852.00","10,319.00","10,423.15","10,587.19","12,774.90","9,725.10",4266,"45,164,970.45",2023
"03-Mar-2020","EQ","10,929.40","11,083.30","10,751.10","10,967.35","10,850.00","10,852.00","10,907.30","12,774.90","9,725.10",4765,"51,973,288.10",1662
"02-Mar-2020","EQ","11,080.05","11,184.15","10,902.05","11,137.10","10,960.00","10,967.35","10,996.34","12,774.90","9,725.10",12176,"133,891,413.05",1453
"28-Feb-2020","EQ","11,050.15","11,573.75","11,001.10","11,244.45","11,006.60","11,137.10","11,209.74","12,774.90","9,725.10",12835,"143,877,046.75",2137
"27-Feb-2020","EQ","11,277.00","11,277.00","11,188.00","11,244.05","11,240.00","11,244.45","11,238.84","12,774.90","9,725.10",3181,"35,750,748.10",562
"26-Feb-2020","EQ","11,177.30","11,264.05","11,106.05","11,177.30","11,230.00","11,244.05","11,240.04","12,774.90","9,725.10",6386,"71,778,870.05",875
"25-Feb-2020","EQ","11,151.00","11,199.95","11,151.00","11,184.15","11,170.00","11,177.30","11,175.75","12,774.90","9,725.10",2692,"30,085,115.10",454
"24-Feb-2020","EQ","11,176.00","11,293.45","11,000.00","11,150.85","11,200.00","11,184.15","11,144.73","12,774.90","9,725.10",3253,"36,253,796.35",1097
"20-Feb-2020","EQ","11,208.95","11,209.00","11,100.00","11,175.75","11,150.00","11,150.85","11,150.58","12,774.90","9,725.10",4317,"48,137,070.45",873
"19-Feb-2020","EQ","11,290.00","11,290.00","11,160.00","11,256.80","11,160.00","11,175.75","11,205.74","12,774.90","9,725.10",1660,"18,601,520.55",805
"18-Feb-2020","EQ","11,400.00","11,400.00","11,210.00","11,411.95","11,259.80","11,256.80","11,259.36","12,774.90","9,725.10",2996,"33,733,045.25",880
"17-Feb-2020","EQ","11,533.00","11,533.00","11,359.15","11,498.55","11,417.95","11,411.95","11,445.08","12,774.90","9,725.10",1878,"21,493,864.45",614
"14-Feb-2020","EQ","11,596.00","11,600.00","11,450.40","11,630.15","11,500.00","11,498.55","11,513.79","12,774.90","9,725.10",1568,"18,053,627.55",683
"13-Feb-2020","EQ","11,401.00","11,677.95","11,250.00","11,367.70","11,590.00","11,630.15","11,537.55","12,774.90","9,725.10",2743,"31,647,490.35",1214
"12-Feb-2020","EQ","11,412.00","11,720.00","11,261.90","11,444.60","11,425.00","11,367.70","11,354.23","12,774.90","9,725.10",29570,"335,744,455.75",2093
"11-Feb-2020","EQ","11,676.05","11,800.00","11,325.00","11,710.75","11,420.00","11,444.60","11,491.62","12,774.90","9,725.10",2650,"30,452,788.50",1591
"10-Feb-2020","EQ","11,599.90","11,839.95","11,388.00","11,523.65","11,559.90","11,710.75","11,669.39","12,774.90","9,725.10",2703,"31,542,351.15",992
"07-Feb-2020","EQ","11,490.00","11,694.35","11,388.00","11,525.45","11,620.00","11,523.65","11,517.07","12,774.90","9,725.10",3104,"35,748,995.05",1021
"06-Feb-2020","EQ","11,562.00","11,710.20","11,460.00","11,527.80","11,546.95","11,525.45","11,595.35","12,774.90","9,725.10",1523,"17,659,714.80",734
"05-Feb-2020","EQ","11,659.00","11,740.00","11,401.20","11,601.40","11,465.20","11,527.80","11,590.89","12,774.90","9,725.10",1718,"19,913,149.05",836
"04-Feb-2020","EQ","11,651.70","11,700.00","11,450.00","11,651.50","11,699.00","11,601.40","11,564.17","12,774.90","9,725.10",3357,"38,820,919.20",1183
"03-Feb-2020","EQ","11,803.00","11,820.00","11,542.05","11,984.65","11,600.00","11,651.50","11,653.69","12,774.90","9,725.10",4827,"56,252,341.75",1672
"01-Feb-2020","EQ","10,950.00","12,388.80","10,950.00","10,991.75","11,900.00","11,984.65","11,575.76","12,774.90","9,725.10",10407,"120,468,948.35",2432
"31-Jan-2020","EQ","11,035.00","11,053.20","10,850.00","10,926.90","11,050.00","10,991.75","10,964.23","12,774.90","9,725.10",2985,"32,728,240.85",842
"30-Jan-2020","EQ","11,160.05","11,245.00","10,739.40","11,160.05","10,849.85","10,926.90","11,036.38","12,774.90","9,725.10",3590,"39,620,596.10",1028
"29-Jan-2020","EQ","11,190.00","11,250.50","10,980.00","11,112.55","11,197.00","11,160.05","11,014.88","12,774.90","9,725.10",17363,"191,251,349.35",1085
"28-Jan-2020","EQ","11,274.95","11,274.95","11,080.00","11,161.90","11,080.00","11,112.55","11,152.46","12,774.90","9,725.10",1621,"18,078,135.10",810
"27-Jan-2020","EQ","11,399.80","11,399.80","11,111.90","11,337.60","11,159.00","11,161.90","11,228.12","12,774.90","9,725.10",1666,"18,706,051.75",709
"24-Jan-2020","EQ","11,320.00","11,355.00","11,200.00","11,257.40","11,260.65","11,337.60","11,301.31","12,774.90","9,725.10",2216,"25,043,712.20",671
"23-Jan-2020","EQ","11,156.00","11,347.00","11,110.00","11,246.25","11,225.00","11,257.40","11,256.48","12,774.90","9,725.10",1960,"22,062,692.90",689
"22-Jan-2020","EQ","11,262.55","11,330.00","11,132.00","11,250.10","11,200.00","11,246.25","11,254.98","12,774.90","9,725.10",6723,"75,667,207.10",367
"21-Jan-2020","EQ","11,222.05","11,300.00","11,200.00","11,308.50","11,210.20","11,250.10","11,248.94","12,774.90","9,725.10",7450,"83,804,608.90",2043
"20-Jan-2020","EQ","11,237.75","11,375.00","11,222.60","11,237.20","11,326.00","11,308.50","11,312.08","12,774.90","9,725.10",3033,"34,309,526.55",1234
"17-Jan-2020","EQ","11,194.90","11,339.95","11,194.90","11,194.90","11,260.00","11,237.20","11,238.89","12,774.90","9,725.10",1449,"16,285,146.90",515
"16-Jan-2020","EQ","11,197.85","11,490.00","11,150.00","11,197.85","11,176.00","11,194.90","11,253.74","12,774.90","9,725.10",5349,"60,196,232.35",2278
"15-Jan-2020","EQ","11,276.80","11,276.80","11,121.65","11,206.75","11,250.00","11,197.85","11,201.22","12,774.90","9,725.10",2137,"23,937,000.15",609
"14-Jan-2020","EQ","11,100.00","11,320.00","11,100.00","11,122.20","11,200.00","11,206.75","11,208.80","12,774.90","9,725.10",2743,"30,745,734.15",803
"13-Jan-2020","EQ","11,030.05","11,246.80","10,980.45","11,128.90","11,110.00","11,122.20","11,037.53","12,774.90","9,725.10",43121,"475,949,122.75",2446
"10-Jan-2020","EQ","11,113.65","11,209.50","11,000.00","11,110.00","11,165.00","11,128.90","11,098.11","12,774.90","9,725.10",2957,"32,817,109.90",1650
"09-Jan-2020","EQ","10,990.00","11,149.00","10,990.00","10,978.45","11,110.00","11,110.00","11,065.92","12,774.90","9,725.10",1650,"18,258,765.50",567
"08-Jan-2020","EQ","11,088.00","11,088.00","10,950.00","11,099.30","10,975.00","10,978.45","10,986.55","12,774.90","9,725.10",4975,"54,658,088.85",1402
"07-Jan-2020","EQ","11,360.00","11,360.00","11,018.55","11,217.00","11,025.00","11,099.30","11,239.50","12,774.90","9,725.10",12747,"143,269,848.20",2953
"06-Jan-2020","EQ","11,330.00","11,334.90","11,200.00","11,322.80","11,201.00","11,217.00","11,228.22","12,774.90","9,725.10",11057,"124,150,417.55",1780
"03-Jan-2020","EQ","11,375.00","11,388.10","11,290.05","11,317.05","11,303.00","11,322.80","11,321.25","12,774.90","9,711.35",6039,"68,369,041.65",483
"02-Jan-2020","EQ","11,360.00","11,451.20","11,290.10","11,408.60","11,291.00","11,317.05","11,340.99","12,774.90","9,711.35",1411,"16,002,139.95",906
"01-Jan-2020","EQ","11,430.30","11,472.00","11,374.00","11,447.00","11,374.00","11,408.60","11,423.21","12,774.90","9,711.35",4548,"51,952,776.05",326
"31-Dec-2019","EQ","11,547.85","11,550.00","11,356.00","11,496.35","11,360.00","11,447.00","11,447.86","12,774.90","9,711.35",8493,"97,226,655.75",1647
"30-Dec-2019","EQ","11,410.00","11,518.55","11,410.00","11,481.80","11,450.00","11,496.35","11,477.78","12,774.90","9,711.35",2846,"32,665,753.10",835
"27-Dec-2019","EQ","11,505.15","11,614.85","11,400.00","11,476.15","11,477.00","11,481.80","11,483.70","12,774.90","9,575.10",2829,"32,487,374.10",1131
"26-Dec-2019","EQ","11,400.00","11,800.00","11,380.00","11,442.50","11,450.00","11,476.15","11,582.72","12,774.90","9,575.10",2654,"30,740,537.45",1192
"24-Dec-2019","EQ","11,470.00","11,520.00","11,375.00","11,531.25","11,460.00","11,442.50","11,404.47","12,774.90","9,575.10",5947,"67,822,381.75",913
"23-Dec-2019","EQ","11,280.10","11,599.00","11,252.60","11,348.85","11,549.00","11,531.25","11,403.38","12,774.90","9,575.10",3489,"39,786,399.00",1109
"20-Dec-2019","EQ","11,434.00","11,434.00","11,302.30","11,381.70","11,350.00","11,348.85","11,356.71","12,774.90","9,575.10",4052,"46,017,407.15",823
"19-Dec-2019","EQ","11,275.05","11,449.00","11,268.70","11,349.95","11,301.10","11,381.70","11,347.66","12,774.90","9,575.10",1414,"16,045,584.45",452
"18-Dec-2019","EQ","11,375.00","11,422.95","11,267.20","11,320.35","11,300.00","11,349.95","11,327.13","12,774.90","9,575.10",6053,"68,563,136.35",695
"17-Dec-2019","EQ","11,360.20","11,438.00","11,265.90","11,358.75","11,297.90","11,320.35","11,376.52","12,774.90","9,575.10",1049,"11,933,965.00",316
"16-Dec-2019","EQ","11,448.30","11,448.30","11,331.70","11,409.35","11,360.00","11,358.75","11,374.93","12,774.90","9,575.10",2661,"30,268,692.75",539
"13-Dec-2019","EQ","11,277.05","11,500.00","11,261.00","11,277.05","11,399.95","11,409.35","11,355.31","12,774.90","9,390.00",1910,"21,688,633.80",599
"12-Dec-2019","EQ","11,230.00","11,330.00","11,200.00","11,232.55","11,251.00","11,277.05","11,274.23","12,774.90","9,390.00",2062,"23,247,465.45",432
"11-Dec-2019","EQ","11,229.00","11,350.00","11,175.00","11,229.65","11,229.00","11,232.55","11,232.09","12,774.90","9,390.00",4230,"47,511,740.85",399
"10-Dec-2019","EQ","11,435.40","11,435.40","11,162.00","11,471.05","11,170.05","11,229.65","11,318.57","12,774.90","9,390.00",6916,"78,279,258.15",1058
"09-Dec-2019","EQ","11,458.20","11,530.00","11,328.00","11,486.25","11,400.00","11,471.05","11,420.16","12,774.90","9,390.00",5120,"58,471,195.20",1799
"06-Dec-2019","EQ","11,474.80","11,525.00","11,402.00","11,350.25","11,445.00","11,486.25","11,456.29","12,774.90","9,390.00",2781,"31,859,940.90",612
"05-Dec-2019","EQ","11,451.20","11,550.00","11,181.85","11,455.85","11,350.00","11,350.25","11,393.90","12,774.90","9,390.00",2162,"24,633,608.65",879
"04-Dec-2019","EQ","11,300.00","11,699.00","11,298.50","11,300.25","11,560.05","11,455.85","11,314.32","12,774.90","9,390.00",21813,"246,799,295.05",1179
"03-Dec-2019","EQ","11,307.40","11,374.90","11,297.75","11,334.55","11,300.00","11,300.25","11,302.10","12,774.90","9,390.00",5067,"57,267,746.55",517
"02-Dec-2019","EQ","11,441.90","11,441.90","11,300.00","11,400.05","11,302.00","11,334.55","11,342.72","12,774.90","9,390.00",6940,"78,718,453.75",1320
"29-Nov-2019","EQ","11,528.00","11,590.00","11,342.00","11,576.85","11,360.00","11,400.05","11,420.46","12,774.90","9,235.15",3036,"34,672,518.45",1438
"28-Nov-2019","EQ","11,399.45","11,675.00","11,299.50","11,399.45","11,600.00","11,576.85","11,474.78","12,774.90","9,235.15",4281,"49,123,553.40",1609
"27-Nov-2019","EQ","11,290.00","11,748.00","11,290.00","11,292.65","11,333.00","11,399.45","11,553.00","12,774.90","9,235.15",6640,"76,711,891.60",3348
"26-Nov-2019","EQ","11,150.00","11,341.70","11,052.00","11,035.65","11,299.00","11,292.65","11,220.92","12,774.90","9,235.15",4642,"52,087,527.40",1574
"25-Nov-2019","EQ","10,801.40","11,098.95","10,801.35","10,801.40","10,979.95","11,035.65","10,968.84","12,774.90","9,235.15",22966,"251,910,411.55",1062
"22-Nov-2019","EQ","10,925.00","10,980.00","10,760.00","10,925.15","10,781.00","10,801.40","10,824.15","12,774.90","9,235.15",3135,"33,933,698.35",1139
"21-Nov-2019","EQ","11,020.00","11,097.25","10,850.00","11,016.65","10,919.00","10,925.15","10,945.70","12,774.90","9,235.15",2035,"22,274,502.90",1026
"20-Nov-2019","EQ","11,000.00","11,125.00","10,980.00","11,039.30","10,980.00","11,016.65","11,058.73","12,774.90","9,235.15",1962,"21,697,219.35",778
"19-Nov-2019","EQ","11,107.00","11,199.95","10,985.00","11,107.05","10,990.00","11,039.30","11,057.70","12,774.90","9,235.15",3860,"42,682,733.60",1171
"18-Nov-2019","EQ","11,160.00","11,349.90","11,000.00","11,160.50","11,097.95","11,107.05","11,140.97","12,774.90","9,235.15",2467,"27,484,761.85",1241
"15-Nov-2019","EQ","10,999.00","11,350.00","10,862.90","10,988.40","11,132.25","11,160.50","10,959.25","12,774.90","9,235.15",14488,"158,777,631.60",1876
"14-Nov-2019","EQ","10,981.00","11,249.90","10,800.00","10,980.85","10,999.00","10,988.40","10,966.61","12,774.90","9,235.15",2769,"30,366,531.60",1283
"13-Nov-2019","EQ","11,208.00","11,299.00","10,940.00","11,207.90","10,940.00","10,980.85","11,108.64","12,774.90","9,235.15",3472,"38,569,200.40",1437
"11-Nov-2019","EQ","11,430.00","11,450.00","11,130.00","11,379.90","11,170.00","11,207.90","11,311.79","12,774.90","9,235.15",2545,"28,788,498.95",1378
"08-Nov-2019","EQ","11,666.00","11,713.50","11,309.00","11,639.70","11,330.00","11,379.90","11,493.49","12,774.90","9,235.15",3063,"35,204,557.95",1286
"07-Nov-2019","EQ","11,894.70","11,894.70","11,575.00","11,755.40","11,666.00","11,639.70","11,669.78","12,774.90","9,235.15",1820,"21,239,004.30",770
"06-Nov-2019","EQ","11,873.95","12,039.95","11,700.00","11,881.40","11,700.00","11,755.40","11,839.71","12,774.90","9,235.15",2713,"32,121,123.95",906
"05-Nov-2019","EQ","12,190.00","12,190.00","11,761.00","12,138.85","11,800.30","11,881.40","11,954.22","12,774.90","9,235.15",5064,"60,536,149.70",2201
"04-Nov-2019","EQ","12,115.80","12,300.00","12,015.85","12,115.80","12,100.00","12,138.85","12,192.38","12,774.90","9,235.15",3155,"38,466,953.45",1273
"01-Nov-2019","EQ","12,288.95","12,388.90","11,965.00","12,242.30","12,077.00","12,115.80","12,149.80","12,774.90","9,130.05",5077,"61,684,528.25",2461
"31-Oct-2019","EQ","12,454.10","12,515.75","12,140.00","12,355.25","12,220.00","12,242.30","12,260.31","12,774.90","9,130.05",14014,"171,815,922.95",3822
"30-Oct-2019","EQ","12,324.95","12,774.90","11,946.00","12,241.10","12,500.00","12,355.25","12,278.80","12,774.90","9,130.05",12691,"155,830,239.60",3805
"29-Oct-2019","EQ","12,198.10","12,351.25","12,133.45","12,199.70","12,200.00","12,241.10","12,204.15","12,444.95","9,130.05",6355,"77,557,396.85",1612
"27-Oct-2019","EQ","12,388.00","12,388.00","12,106.00","12,126.25","12,120.00","12,199.70","12,203.84","12,444.95","8,912.15",770,"9,396,960.60",403
"25-Oct-2019","EQ","12,139.00","12,444.95","11,915.70","11,987.45","12,180.00","12,126.25","12,105.93","12,444.95","8,912.15",4880,"59,076,932.35",1399
"24-Oct-2019","EQ","11,905.00","12,000.00","11,850.00","11,905.15","11,980.00","11,987.45","11,964.97","12,399.00","8,912.15",3258,"38,981,881.05",975
"23-Oct-2019","EQ","11,750.00","12,069.95","11,750.00","11,967.40","11,898.00","11,905.15","11,871.35","12,399.00","8,912.15",3545,"42,083,951.30",1180
"22-Oct-2019","EQ","11,800.00","12,000.00","11,761.00","11,824.35","11,950.00","11,967.40","11,931.47","12,399.00","8,912.15",4193,"50,028,663.10",1581
"18-Oct-2019","EQ","11,700.00","11,998.00","11,560.65","11,693.80","11,850.00","11,824.35","11,761.71","12,399.00","8,900.00",5749,"67,618,065.05",2253
"17-Oct-2019","EQ","11,600.00","11,850.00","11,505.00","11,582.85","11,670.00","11,693.80","11,660.04","12,399.00","8,900.00",5191,"60,527,270.10",1545
"16-Oct-2019","EQ","11,344.00","11,875.00","11,251.25","11,329.40","11,821.00","11,582.85","11,486.76","12,399.00","8,900.00",3990,"45,832,172.00",1533
"15-Oct-2019","EQ","11,668.00","11,729.05","10,830.00","11,768.60","11,255.00","11,329.40","11,280.25","12,399.00","8,900.00",10846,"122,345,642.95",3710
"14-Oct-2019","EQ","11,499.00","11,928.00","11,499.00","11,499.65","11,562.00","11,768.60","11,776.36","12,399.00","8,900.00",4168,"49,083,871.95",1540
"11-Oct-2019","EQ","11,369.00","11,590.00","11,245.00","11,260.45","11,580.00","11,499.65","11,349.25","12,399.00","8,801.75",2082,"23,629,142.25",859
"10-Oct-2019","EQ","11,275.00","11,422.00","11,224.95","11,363.00","11,230.00","11,260.45","11,297.23","12,399.00","8,801.75",2599,"29,361,494.45",933
"09-Oct-2019","EQ","11,400.00","11,458.00","11,250.00","11,349.85","11,300.00","11,363.00","11,367.89","12,399.00","8,801.75",3429,"38,980,488.20",1447
"07-Oct-2019","EQ","11,410.00","11,568.80","11,200.00","11,569.70","11,388.55","11,349.85","11,410.29","12,399.00","8,801.75",3473,"39,627,949.10",1483
"04-Oct-2019","EQ","11,740.00","11,829.00","11,464.65","11,729.15","11,484.50","11,569.70","11,666.95","12,399.00","8,801.75",2880,"33,600,807.90",1228
"03-Oct-2019","EQ","11,999.95","12,038.50","11,666.65","11,989.40","11,740.00","11,729.15","11,818.84","12,399.00","8,801.75",3678,"43,469,699.10",1458
"01-Oct-2019","EQ","12,052.10","12,290.00","11,935.95","12,126.05","11,950.00","11,989.40","12,142.44","12,399.00","8,801.75",2469,"29,979,672.45",1326
"30-Sep-2019","EQ","12,150.00","12,399.00","11,891.00","12,119.50","12,050.00","12,126.05","12,144.55","12,399.00","8,801.75",19537,"237,267,990.05",2887
"27-Sep-2019","EQ","11,619.95","12,198.00","11,521.05","11,508.35","12,190.00","12,119.50","12,016.45","12,198.00","8,801.75",11917,"143,199,988.00",3255
"26-Sep-2019","EQ","11,612.60","11,800.00","11,322.00","11,578.95","11,621.00","11,508.35","11,503.59","12,097.85","8,801.75",7293,"83,895,652.30",2341
"25-Sep-2019","EQ","11,789.95","11,901.00","11,361.00","11,790.65","11,561.00","11,578.95","11,624.52","12,097.85","8,801.75",5933,"68,968,296.05",1848
"24-Sep-2019","EQ","11,715.20","11,999.90","11,021.00","11,652.95","11,900.00","11,790.65","11,663.77","12,097.85","8,801.75",6162,"71,872,130.10",2036
"23-Sep-2019","EQ","11,300.00","12,097.85","11,060.10","11,293.05","11,622.20","11,652.95","11,711.24","12,097.85","8,801.75",12052,"141,143,915.75",4665
"20-Sep-2019","EQ","10,525.00","11,483.25","10,401.10","10,466.75","11,475.00","11,293.05","11,001.66","11,483.25","8,801.75",12705,"139,776,074.55",3956
"19-Sep-2019","EQ","10,499.90","10,549.00","10,387.10","10,466.40","10,445.00","10,466.75","10,443.27","11,245.00","8,801.75",3879,"40,509,454.30",1121
"18-Sep-2019","EQ","10,301.00","10,499.00","10,295.00","10,346.10","10,499.00","10,466.40","10,395.02","11,245.00","8,801.75",4030,"41,891,935.65",832
"17-Sep-2019","EQ","10,380.00","10,400.95","10,276.10","10,382.70","10,300.00","10,346.10","10,312.57","11,245.00","8,801.75",7971,"82,201,479.35",955
"16-Sep-2019","EQ","10,326.75","10,423.90","10,200.00","10,326.75","10,325.00","10,382.70","10,322.81","11,245.00","8,801.75",5199,"53,668,304.25",1521
"13-Sep-2019","EQ","10,089.00","10,423.05","10,089.00","10,124.10","10,270.00","10,326.75","10,222.61","11,245.00","8,801.75",8318,"85,031,644.15",2469
"12-Sep-2019","EQ","10,238.05","10,238.05","10,101.00","10,171.90","10,101.00","10,124.10","10,163.98","11,245.00","8,801.75",3762,"38,236,888.50",850
"11-Sep-2019","EQ","10,200.00","10,250.00","10,056.60","10,149.90","10,195.00","10,171.90","10,160.51","11,245.00","8,801.75",17097,"173,714,187.15",2007
"09-Sep-2019","EQ","10,188.00","10,215.00","10,100.00","10,152.05","10,198.00","10,149.90","10,154.13","11,245.00","8,801.75",7650,"77,679,099.60",1747
"06-Sep-2019","EQ","10,098.70","10,178.75","10,055.00","10,098.70","10,178.75","10,152.05","10,106.02","11,245.00","8,801.75",9353,"94,521,578.50",1794
"05-Sep-2019","EQ","10,179.70","10,179.70","10,031.55","10,101.85","10,099.95","10,098.70","10,100.83","11,245.00","8,801.75",5335,"53,887,947.05",2178
"04-Sep-2019","EQ","10,161.20","10,186.00","9,942.75","10,157.05","10,100.00","10,101.85","10,058.40","11,245.00","8,801.75",3561,"35,817,956.75",1737
"03-Sep-2019","EQ","10,200.00","10,222.00","10,028.00","10,209.40","10,123.70","10,157.05","10,166.06","11,245.00","8,801.75",2276,"23,137,943.80",1189
"30-Aug-2019","EQ","10,144.00","10,262.80","10,026.00","10,108.15","10,248.00","10,209.40","10,158.12","11,245.00","8,801.75",1360,"13,815,040.00",699
"29-Aug-2019","EQ","10,175.00","10,200.00","9,965.00","10,054.90","10,011.00","10,108.15","10,114.29","11,245.00","8,801.75",2071,"20,946,696.65",741
"28-Aug-2019","EQ","10,200.00","10,200.00","9,936.95","10,105.05","10,036.65","10,054.90","10,050.38","11,245.00","8,801.75",2191,"22,020,379.05",826
"27-Aug-2019","EQ","9,855.00","10,150.00","9,855.00","9,944.30","10,080.05","10,105.05","10,052.36","11,245.00","8,801.75",2317,"23,291,315.85",963
"26-Aug-2019","EQ","10,100.00","10,100.00","9,725.10","10,298.85","9,854.95","9,944.30","9,914.08","11,245.00","8,801.75",10038,"99,517,497.65",2722
"23-Aug-2019","EQ","10,269.90","10,314.95","9,899.90","10,279.55","10,300.00","10,298.85","10,201.03","11,245.00","8,801.75",5545,"56,564,729.35",1906
"22-Aug-2019","EQ","10,325.95","10,398.00","10,151.10","10,287.05","10,299.85","10,279.55","10,262.99","11,245.00","8,801.75",4448,"45,649,774.15",1036
"21-Aug-2019","EQ","10,280.00","10,488.00","10,201.10","10,254.80","10,300.00","10,287.05","10,265.23","11,245.00","8,801.75",8077,"82,912,297.80",2544
"20-Aug-2019","EQ","10,269.90","10,300.05","10,142.00","10,290.50","10,280.10","10,254.80","10,235.10","11,245.00","8,801.75",3700,"37,869,884.40",1474
"19-Aug-2019","EQ","10,310.00","10,310.15","10,231.00","10,308.10","10,300.00","10,290.50","10,280.95","11,245.00","8,801.75",3718,"38,224,565.25",1429
"16-Aug-2019","EQ","10,210.00","10,350.00","10,210.00","10,295.40","10,280.00","10,308.10","10,303.42","11,245.00","8,801.75",3397,"35,000,720.35",1326
"14-Aug-2019","EQ","10,293.20","10,395.00","10,201.00","10,293.20","10,282.00","10,295.40","10,283.94","11,245.00","8,801.75",3754,"38,605,915.70",1447
"13-Aug-2019","EQ","10,400.00","10,400.00","10,230.00","10,322.50","10,295.00","10,293.20","10,277.00","11,245.00","8,801.75",2368,"24,335,924.40",1100
"09-Aug-2019","EQ","10,244.40","10,380.00","10,244.40","10,295.50","10,300.00","10,322.50","10,325.02","11,245.00","8,801.75",13368,"138,024,810.50",729
"08-Aug-2019","EQ","10,440.00","10,455.00","10,246.50","10,437.85","10,310.00","10,295.50","10,349.19","11,245.00","8,801.75",28618,"296,173,005.75",825
"07-Aug-2019","EQ","10,565.00","10,565.00","10,123.40","10,498.70","10,431.00","10,437.85","10,378.41","11,245.00","8,801.75",4739,"49,183,287.25",1335
"06-Aug-2019","EQ","10,500.00","10,547.95","10,381.05","10,475.80","10,499.00","10,498.70","10,479.33","11,245.00","8,801.75",7312,"76,624,832.15",1805
"05-Aug-2019","EQ","10,653.25","10,679.45","10,401.00","10,715.35","10,450.00","10,475.80","10,497.53","11,245.00","8,801.75",9730,"102,140,949.05",1726
"02-Aug-2019","EQ","10,710.00","10,828.65","10,600.10","10,749.55","10,700.00","10,715.35","10,716.94","11,245.00","8,801.75",16544,"177,301,118.05",3694
"01-Aug-2019","EQ","11,150.00","11,150.00","10,605.00","10,902.35","10,662.75","10,749.55","10,780.61","11,245.00","8,801.75",17227,"185,717,640.35",2375
"31-Jul-2019","EQ","10,630.00","11,162.65","10,500.00","10,704.35","10,901.05","10,902.35","10,788.61","11,245.00","8,801.75",3855,"41,590,105.65",1177
"30-Jul-2019","EQ","10,702.00","10,750.00","10,626.85","10,702.00","10,700.00","10,704.35","10,699.84","11,245.00","8,801.75",3006,"32,163,722.70",1063
"29-Jul-2019","EQ","10,748.50","10,862.00","10,620.00","10,747.20","10,700.00","10,702.00","10,695.74","11,245.00","8,801.75",2606,"27,873,107.70",631
"26-Jul-2019","EQ","10,665.75","10,900.00","10,499.80","10,692.05","10,770.00","10,747.20","10,690.29","11,245.00","8,801.75",1342,"14,346,369.95",640
"25-Jul-2019","EQ","10,556.00","10,700.00","10,493.85","10,554.95","10,666.00","10,692.05","10,626.41","11,245.00","8,801.75",1084,"11,519,023.90",481
"24-Jul-2019","EQ","10,503.65","10,624.00","10,465.50","10,503.20","10,563.65","10,554.95","10,553.06","11,245.00","8,801.75",17276,"182,314,591.90",614
"23-Jul-2019","EQ","10,512.90","10,538.00","10,412.00","10,506.70","10,488.80","10,503.20","10,462.64","11,245.00","8,801.75",4954,"51,831,927.70",448
"22-Jul-2019","EQ","10,600.00","10,629.95","10,358.00","10,506.15","10,558.00","10,506.70","10,487.71","11,245.00","8,801.75",1853,"19,433,726.05",673
"19-Jul-2019","EQ","10,743.20","10,763.85","10,455.00","10,767.95","10,500.00","10,506.15","10,526.18","11,337.00","8,801.75",3796,"39,957,369.85",1121
"18-Jul-2019","EQ","10,872.80","10,968.95","10,685.15","10,903.15","10,799.00","10,767.95","10,850.15","11,337.00","8,801.75",2768,"30,033,224.15",505
"17-Jul-2019","EQ","11,001.00","11,041.45","10,861.15","10,997.35","10,907.00","10,903.15","10,976.47","11,337.00","8,801.75",4687,"51,446,695.25",935
"16-Jul-2019","EQ","10,967.90","11,000.00","10,900.15","10,951.10","10,986.00","10,997.35","10,978.73","11,337.00","8,801.75",945,"10,374,900.85",346
"15-Jul-2019","EQ","10,900.00","10,990.00","10,856.50","10,861.55","10,914.75","10,951.10","10,943.74","11,337.00","8,801.75",2804,"30,686,256.90",328
"12-Jul-2019","EQ","10,900.00","10,953.50","10,730.20","10,901.35","10,900.00","10,861.55","10,878.40","11,337.00","8,801.75",2058,"22,387,744.15",547
"11-Jul-2019","EQ","10,901.00","10,940.00","10,800.10","10,921.90","10,882.00","10,901.35","10,895.57","11,337.00","8,801.75",1500,"16,343,358.55",432
"10-Jul-2019","EQ","10,972.75","10,989.85","10,780.90","10,962.80","10,900.00","10,921.90","10,939.04","11,337.00","8,801.75",2751,"30,093,309.40",1010
"09-Jul-2019","EQ","10,965.00","11,045.00","10,901.75","10,900.10","10,965.00","10,962.80","10,958.74","11,337.00","8,801.75",3892,"42,651,411.70",1107
"08-Jul-2019","EQ","10,930.00","10,980.00","10,601.20","10,887.70","10,900.00","10,900.10","10,890.37","11,337.00","8,801.75",8052,"87,689,263.60",1288
"05-Jul-2019","EQ","10,940.00","11,078.70","10,800.00","10,986.80","10,839.90","10,887.70","10,922.54","11,337.00","8,801.75",2262,"24,706,792.55",969
"04-Jul-2019","EQ","10,900.00","11,090.00","10,875.05","10,929.65","10,939.65","10,986.80","10,999.98","11,337.00","8,801.75",3219,"35,408,941.05",1293
"03-Jul-2019","EQ","10,991.00","11,001.85","10,855.30","11,047.15","10,950.00","10,929.65","10,925.16","11,337.00","8,801.75",1360,"14,858,221.60",562
"02-Jul-2019","EQ","10,800.00","11,090.00","10,722.80","10,771.60","11,023.50","11,047.15","10,897.17","11,337.00","8,801.75",4629,"50,442,980.55",1276
"01-Jul-2019","EQ","10,715.10","10,829.00","10,691.00","10,714.85","10,797.00","10,771.60","10,735.53","11,337.00","8,801.75",1751,"18,797,905.80",732
"28-Jun-2019","EQ","10,847.30","10,884.00","10,681.00","10,866.40","10,700.00","10,714.85","10,770.09","11,337.00","8,801.75",5238,"56,413,732.55",1034
"27-Jun-2019","EQ","10,780.00","10,975.20","10,752.30","10,818.35","10,850.00","10,866.40","10,869.61","11,337.00","8,801.75",4332,"47,087,142.95",1469
"26-Jun-2019","EQ","10,771.70","10,890.00","10,721.00","10,754.50","10,800.00","10,818.35","10,787.04","11,337.00","8,801.75",1404,"15,144,998.05",526
"25-Jun-2019","EQ","10,734.45","10,799.90","10,709.25","10,717.95","10,786.95","10,754.50","10,751.04","11,337.00","8,801.75",1034,"11,116,571.35",438
"24-Jun-2019","EQ","10,764.95","10,900.00","10,634.30","10,765.25","10,730.00","10,717.95","10,732.80","11,337.00","8,801.75",2064,"22,152,508.80",824
"21-Jun-2019","EQ","10,705.05","10,889.95","10,511.50","10,787.60","10,832.00","10,765.25","10,667.52","11,337.00","8,801.75",3032,"32,343,910.65",1097
"20-Jun-2019","EQ","10,570.35","10,890.00","10,570.35","10,684.55","10,767.00","10,787.60","10,780.80","11,337.00","8,801.75",1763,"19,006,542.35",665
"19-Jun-2019","EQ","10,545.00","10,750.00","10,545.00","10,520.50","10,699.00","10,684.55","10,678.50","11,337.00","8,801.75",986,"10,528,997.55",525
"18-Jun-2019","EQ","10,782.35","11,050.00","10,421.00","10,817.95","10,560.00","10,520.50","10,596.52","11,337.00","8,801.75",114985,"1,218,441,063.80",1442
"17-Jun-2019","EQ","11,000.00","11,030.00","10,706.00","11,045.45","10,849.00","10,817.95","10,822.98","11,337.00","8,801.75",2239,"24,232,659.10",1103
"14-Jun-2019","EQ","11,091.40","11,099.90","10,960.00","11,041.85","10,960.00","11,045.45","11,044.58","11,337.00","8,801.75",15221,"168,109,590.35",524
"13-Jun-2019","EQ","11,050.00","11,082.10","10,935.00","11,099.05","11,060.00","11,041.85","10,989.71","11,337.00","8,801.75",3450,"37,914,495.45",961
"12-Jun-2019","EQ","10,912.85","11,198.00","10,910.00","10,961.65","11,150.00","11,099.05","11,036.51","11,337.00","8,801.75",2807,"30,979,474.80",937
"11-Jun-2019","EQ","10,883.05","11,000.00","10,850.00","10,944.40","10,941.00","10,961.65","10,957.54","11,337.00","8,801.75",1819,"19,931,757.55",651
"10-Jun-2019","EQ","10,914.00","11,093.75","10,851.05","10,873.05","10,975.00","10,944.40","10,965.78","11,337.00","8,801.75",3068,"33,643,003.30",1274
"07-Jun-2019","EQ","10,770.00","10,945.00","10,735.00","10,735.60","10,866.00","10,873.05","10,870.93","11,337.00","8,801.75",1140,"12,392,857.30",541
"06-Jun-2019","EQ","10,939.85","10,956.00","10,695.05","10,869.20","10,702.00","10,735.60","10,823.16","11,337.00","8,801.75",2152,"23,291,449.90",976
"04-Jun-2019","EQ","11,047.00","11,047.00","10,743.00","10,969.60","10,870.00","10,869.20","10,867.27","11,337.00","8,801.75",1685,"18,311,357.15",751
"03-Jun-2019","EQ","10,989.55","11,049.00","10,711.50","10,983.00","10,970.00","10,969.60","10,957.12","11,337.00","8,801.75",4048,"44,354,420.30",1032
"31-May-2019","EQ","10,922.00","11,065.00","10,900.00","10,985.55","11,000.00","10,983.00","10,961.93","11,337.00","8,801.75",962,"10,545,380.15",388
"30-May-2019","EQ","10,889.95","11,054.95","10,861.05","10,900.40","11,032.00","10,985.55","10,954.62","11,337.00","8,801.75",1302,"14,262,910.10",506
"29-May-2019","EQ","10,897.00","10,978.05","10,831.10","10,896.80","10,900.00","10,900.40","10,898.46","11,337.00","8,801.75",3004,"32,738,979.80",543
"28-May-2019","EQ","10,941.00","11,050.00","10,740.00","10,996.00","10,900.00","10,896.80","10,938.04","11,337.00","8,801.75",2598,"28,417,036.05",995
"27-May-2019","EQ","10,927.85","11,190.00","10,900.00","10,927.85","10,998.00","10,996.00","10,983.35","11,337.00","8,801.75",1945,"21,362,606.10",651
"24-May-2019","EQ","10,763.55","11,020.00","10,685.05","10,713.85","10,920.00","10,927.85","10,773.57","11,337.00","8,801.75",44986,"484,659,739.30",1101
"23-May-2019","EQ","10,800.00","10,850.00","10,680.00","10,759.80","10,700.00","10,713.85","10,737.63","11,337.00","8,801.75",1753,"18,823,067.45",535
"22-May-2019","EQ","10,800.10","10,868.10","10,640.00","10,847.30","10,730.00","10,759.80","10,768.36","11,337.00","8,801.75",2003,"21,569,029.05",881
"21-May-2019","EQ","10,960.00","10,960.00","10,721.00","10,915.35","10,895.70","10,847.30","10,810.36","11,337.00","8,801.75",1152,"12,453,534.15",511
"20-May-2019","EQ","10,600.00","10,998.90","10,450.00","10,501.30","10,950.00","10,915.35","10,781.92","11,337.00","8,801.75",3592,"38,728,647.65",980
"17-May-2019","EQ","10,520.00","10,615.05","10,359.95","10,521.80","10,570.00","10,501.30","10,490.95","11,337.00","8,800.00",7125,"74,747,996.70",855
"16-May-2019","EQ","10,668.30","10,850.00","10,405.05","10,615.20","10,500.00","10,521.80","10,516.05","11,337.00","8,800.00",7127,"74,947,914.80",635
"15-May-2019","EQ","10,508.35","10,900.00","10,415.15","10,559.95","10,600.00","10,615.20","10,461.34","11,337.00","8,800.00",12467,"130,421,553.35",812
"14-May-2019","EQ","10,630.00","10,672.40","10,400.00","10,635.40","10,575.00","10,559.95","10,504.28","11,337.00","8,800.00",11949,"125,515,582.30",867
"13-May-2019","EQ","10,493.00","10,700.00","10,438.70","10,389.00","10,609.05","10,635.40","10,587.08","11,337.00","8,800.00",3262,"34,535,040.05",906
"10-May-2019","EQ","10,410.00","10,511.50","10,280.00","10,391.45","10,400.00","10,389.00","10,389.49","11,337.00","8,800.00",1310,"13,610,234.70",453
"09-May-2019","EQ","10,425.00","10,428.00","10,245.70","10,424.30","10,400.00","10,391.45","10,343.29","11,337.00","8,800.00",2106,"21,782,965.70",1069
"08-May-2019","EQ","10,325.00","10,540.00","10,299.90","10,346.80","10,388.00","10,424.30","10,385.49","11,337.00","8,800.00",8416,"87,404,263.50",2618
"07-May-2019","EQ","10,427.95","10,484.75","10,280.00","10,353.30","10,359.00","10,346.80","10,351.47","11,337.00","8,800.00",2502,"25,899,379.50",1315
"06-May-2019","EQ","10,301.15","10,382.20","10,301.15","10,348.90","10,350.00","10,353.30","10,355.19","11,337.00","8,800.00",3040,"31,479,763.20",690
"03-May-2019","EQ","10,136.00","10,400.00","10,136.00","10,260.40","10,330.10","10,348.90","10,331.75","11,337.00","8,800.00",2281,"23,566,727.95",991
"02-May-2019","EQ","10,205.10","10,340.00","10,152.75","10,203.65","10,240.00","10,260.40","10,267.76","11,337.00","8,800.00",1858,"19,077,499.10",774
"30-Apr-2019","EQ","10,445.00","10,445.00","10,055.10","10,228.25","10,200.00","10,203.65","10,205.96","11,337.00","8,800.00",4613,"47,080,100.45",1485
"26-Apr-2019","EQ","10,648.50","10,648.50","9,950.00","10,595.50","10,600.00","10,228.25","10,283.52","11,337.00","8,800.00",7816,"80,375,990.70",1821
"25-Apr-2019","EQ","10,570.00","10,649.00","10,380.00","10,556.55","10,577.00","10,595.50","10,484.48","11,337.00","8,800.00",3682,"38,603,838.05",778
"24-Apr-2019","EQ","10,503.10","10,600.00","10,292.85","10,500.80","10,551.00","10,556.55","10,413.20","11,337.00","8,800.00",2655,"27,647,051.00",912
"23-Apr-2019","EQ","10,600.00","10,650.00","10,451.00","10,572.35","10,480.00","10,500.80","10,584.66","11,337.00","8,800.00",6589,"69,742,304.45",540
"22-Apr-2019","EQ","10,745.00","10,745.00","10,529.90","10,695.90","10,599.00","10,572.35","10,602.76","11,337.00","8,800.00",1762,"18,682,066.45",762
"18-Apr-2019","EQ","10,660.00","10,750.00","10,625.15","10,698.65","10,699.90","10,695.90","10,699.40","11,337.00","8,800.00",14339,"153,418,708.95",1045
"16-Apr-2019","EQ","10,736.75","10,748.00","10,643.05","10,683.35","10,700.00","10,698.65","10,697.99","11,337.00","8,800.00",2792,"29,868,780.05",411
"15-Apr-2019","EQ","10,680.00","10,799.00","10,652.00","10,696.70","10,655.05","10,683.35","10,697.06","11,337.00","8,800.00",3208,"34,316,169.20",450
"12-Apr-2019","EQ","10,740.00","10,740.00","10,666.65","10,688.75","10,682.00","10,696.70","10,699.87","11,337.00","8,800.00",9461,"101,231,440.15",2491
"11-Apr-2019","EQ","10,750.00","10,798.55","10,635.00","10,757.75","10,651.00","10,688.75","10,699.27","11,337.00","8,800.00",5899,"63,114,990.75",355
"10-Apr-2019","EQ","10,777.00","10,825.00","10,705.10","10,777.45","10,755.00","10,757.75","10,753.07","11,337.00","8,800.00",4213,"45,302,684.85",637
"09-Apr-2019","EQ","10,730.00","10,850.00","10,535.00","10,719.35","10,750.00","10,777.45","10,717.15","11,337.00","8,800.00",3128,"33,523,242.55",1188
"08-Apr-2019","EQ","10,665.40","10,740.00","10,623.65","10,665.40","10,700.00","10,719.35","10,698.90","11,337.00","8,800.00",3688,"39,457,558.30",687
"05-Apr-2019","EQ","10,675.00","10,800.00","10,485.30","10,675.80","10,660.00","10,665.40","10,634.81","11,337.00","8,800.00",3288,"34,967,262.75",1053
"04-Apr-2019","EQ","10,834.00","10,834.00","10,570.00","10,836.35","10,690.00","10,675.80","10,656.31","11,337.00","8,800.00",3889,"41,442,406.25",1019
"03-Apr-2019","EQ","10,749.95","10,899.00","10,666.00","10,754.35","10,817.05","10,836.35","10,746.73","11,337.00","8,800.00",2004,"21,536,452.35",872
"02-Apr-2019","EQ","10,800.05","10,919.95","10,605.25","10,791.20","10,750.00","10,754.35","10,745.16","11,337.00","8,800.00",3263,"35,061,456.80",1192
"01-Apr-2019","EQ","10,928.00","10,980.00","10,696.25","10,833.55","10,800.00","10,791.20","10,828.63","11,337.00","8,800.00",3032,"32,832,392.05",703
"29-Mar-2019","EQ","10,829.00","10,999.00","10,555.15","10,843.95","10,799.00","10,833.55","10,866.77","11,337.00","8,800.00",5500,"59,767,218.30",1797
"28-Mar-2019","EQ","10,701.00","10,974.00","10,586.95","10,701.00","10,706.00","10,843.95","10,776.83","11,337.00","8,800.00",3577,"38,548,734.10",1557
"27-Mar-2019","EQ","10,398.05","10,880.00","10,398.05","10,398.05","10,770.10","10,701.00","10,565.90","11,337.00","8,800.00",7291,"77,036,013.00",2233
"26-Mar-2019","EQ","10,348.00","10,550.00","10,323.75","10,399.00","10,354.05","10,398.05","10,403.89","11,337.00","8,800.00",7754,"80,671,729.75",673
"25-Mar-2019","EQ","10,365.00","10,463.95","10,303.00","10,465.05","10,350.65","10,399.00","10,396.58","11,337.00","8,800.00",9743,"101,293,915.85",1603
"22-Mar-2019","EQ","10,296.00","10,548.00","10,296.00","10,295.30","10,430.00","10,465.05","10,414.26","11,337.00","8,800.00",1727,"17,985,430.85",602
"20-Mar-2019","EQ","10,440.00","10,440.00","10,248.00","10,400.70","10,300.10","10,295.30","10,310.28","11,337.00","8,800.00",1887,"19,455,502.10",559
"19-Mar-2019","EQ","10,400.00","10,500.00","10,251.00","10,364.70","10,457.00","10,400.70","10,337.14","11,337.00","8,800.00",1464,"15,133,566.70",581
"18-Mar-2019","EQ","10,399.85","10,450.00","10,206.35","10,268.80","10,450.00","10,364.70","10,298.48","11,337.00","8,800.00",1930,"19,876,056.75",598
"15-Mar-2019","EQ","10,250.00","10,579.95","10,205.55","10,294.90","10,205.55","10,268.80","10,380.49","11,337.00","8,800.00",7428,"77,106,308.05",972
"14-Mar-2019","EQ","10,496.50","10,496.50","10,250.05","10,395.40","10,290.00","10,294.90","10,304.13","11,337.00","8,800.00",8804,"90,717,592.85",1204
"13-Mar-2019","EQ","10,600.30","10,673.50","10,220.65","10,506.20","10,500.00","10,395.40","10,438.67","11,337.00","8,800.00",3367,"35,147,008.65",1437
"12-Mar-2019","EQ","10,274.00","10,610.00","10,248.50","10,187.60","10,600.00","10,506.20","10,418.84","11,337.00","8,800.00",2527,"26,328,406.20",1227
"11-Mar-2019","EQ","10,319.95","10,347.00","10,150.00","10,320.30","10,171.00","10,187.60","10,238.19","11,337.00","8,800.00",5824,"59,627,235.85",2145
"08-Mar-2019","EQ","10,549.90","10,549.90","10,172.75","10,446.00","10,172.75","10,320.30","10,329.89","11,337.00","8,800.00",2971,"30,690,098.20",1499
"07-Mar-2019","EQ","10,651.00","10,690.05","10,381.00","10,668.50","10,385.00","10,446.00","10,515.01","11,337.00","8,800.00",3433,"36,098,023.50",1447
"06-Mar-2019","EQ","11,245.00","11,245.00","10,605.60","11,013.15","10,650.00","10,668.50","10,836.02","11,337.00","8,800.00",3293,"35,683,008.75",1650
"05-Mar-2019","EQ","10,950.85","11,199.00","10,821.00","10,950.85","11,060.00","11,013.15","11,066.35","11,337.00","8,800.00",4867,"53,859,902.65",1490
"01-Mar-2019","EQ","10,656.00","11,000.00","10,525.25","10,762.60","10,940.00","10,950.85","10,837.67","11,337.00","8,800.00",2458,"26,638,983.35",1006
"28-Feb-2019","EQ","10,268.50","10,998.70","10,060.00","10,371.20","10,889.75","10,762.60","10,447.40","11,337.00","8,800.00",11289,"117,940,673.40",3992
"27-Feb-2019","EQ","10,092.60","10,499.00","10,008.65","10,046.20","10,499.00","10,371.20","10,260.11","11,337.00","8,800.00",3348,"34,350,855.65",1352
"26-Feb-2019","EQ","10,085.00","10,150.00","9,876.00","10,086.85","10,000.00","10,046.20","10,021.40","11,337.00","8,800.00",1139,"11,414,373.80",683
"25-Feb-2019","EQ","10,244.80","10,270.00","10,032.65","10,174.85","10,200.00","10,086.85","10,092.55","11,337.00","8,800.00",6587,"66,479,614.45",996
"22-Feb-2019","EQ","10,198.75","10,200.00","10,054.25","10,112.05","10,199.00","10,174.85","10,109.32","11,337.00","8,800.00",4507,"45,562,727.50",486
"21-Feb-2019","EQ","9,940.05","10,250.00","9,916.60","9,988.60","10,250.00","10,112.05","10,081.48","11,337.00","8,800.00",2569,"25,899,334.70",1020
"20-Feb-2019","EQ","9,911.20","10,050.00","9,835.00","9,917.15","9,999.00","9,988.60","9,920.41","11,337.00","8,800.00",1659,"16,457,961.10",748
"19-Feb-2019","EQ","9,849.95","9,990.00","9,835.70","9,821.60","9,855.00","9,917.15","9,924.81","11,337.00","8,800.00",2469,"24,504,349.30",514
"18-Feb-2019","EQ","9,971.00","10,025.50","9,750.00","10,032.35","9,815.00","9,821.60","9,880.49","11,337.00","8,800.00",6469,"63,916,871.90",2038
"15-Feb-2019","EQ","10,000.00","10,150.00","9,971.15","10,055.95","10,000.00","10,032.35","10,013.05","11,337.00","8,800.00",1994,"19,966,031.15",923
"14-Feb-2019","EQ","10,100.05","10,149.95","10,020.90","10,129.85","10,050.00","10,055.95","10,063.27","11,337.00","8,800.00",1148,"11,552,628.65",690
"13-Feb-2019","EQ","10,167.95","10,167.95","9,935.00","10,177.15","10,128.20","10,129.85","10,066.59","11,337.00","8,800.00",2893,"29,122,653.85",1907
"12-Feb-2019","EQ","10,160.50","10,205.05","10,018.00","10,118.80","10,200.00","10,177.15","10,109.92","11,337.00","8,800.00",4533,"45,828,281.60",1426
"11-Feb-2019","EQ","10,005.00","10,200.00","9,975.00","10,004.45","10,130.00","10,118.80","10,089.99","11,337.00","8,800.00",3450,"34,810,481.05",1593
"08-Feb-2019","EQ","10,010.00","10,040.00","9,931.00","10,002.65","10,005.00","10,004.45","9,980.11","11,337.00","8,800.00",1207,"12,045,991.95",579
"07-Feb-2019","EQ","10,000.00","10,230.15","9,890.00","9,977.90","10,043.00","10,002.65","10,041.61","11,337.00","8,800.00",5845,"58,693,238.55",1570
"06-Feb-2019","EQ","9,990.00","9,990.00","9,911.00","9,938.50","9,989.90","9,977.90","9,964.42","11,337.00","8,800.00",2154,"21,463,351.90",789
"05-Feb-2019","EQ","9,880.00","9,989.00","9,820.05","9,877.10","9,940.00","9,938.50","9,940.43","11,337.00","8,800.00",2380,"23,658,234.00",1010
"04-Feb-2019","EQ","9,851.00","9,930.00","9,825.10","9,898.60","9,870.00","9,877.10","9,862.49","11,337.00","8,800.00",2467,"24,330,767.95",1038
"01-Feb-2019","EQ","9,988.95","9,997.70","9,860.00","9,908.75","9,894.90","9,898.60","9,929.93","11,337.00","8,800.00",4569,"45,369,853.45",1574
"31-Jan-2019","EQ","9,919.00","10,000.00","9,871.05","9,919.60","9,900.00","9,908.75","9,904.02","11,337.00","8,800.00",7382,"73,111,478.00",1092
"30-Jan-2019","EQ","9,930.00","9,945.00","9,766.05","9,892.60","9,945.00","9,919.60","9,862.23","11,337.00","8,800.00",1369,"13,501,392.70",474
"29-Jan-2019","EQ","9,940.00","9,963.60","9,850.00","9,908.80","9,875.25","9,892.60","9,908.08","11,337.00","8,800.00",1645,"16,298,795.15",510
"28-Jan-2019","EQ","9,975.00","9,984.00","9,855.00","9,928.85","9,900.00","9,908.80","9,906.22","11,337.00","8,800.00",3557,"35,236,437.10",622
"25-Jan-2019","EQ","9,968.00","10,000.00","9,900.00","9,921.30","9,918.55","9,928.85","9,939.58","11,337.00","8,800.00",808,"8,031,179.00",493
"24-Jan-2019","EQ","9,950.00","9,954.20","9,860.00","9,914.85","9,928.00","9,921.30","9,906.33","11,337.00","8,800.00",1063,"10,530,425.60",557
"23-Jan-2019","EQ","9,961.05","10,031.95","9,905.00","9,987.95","9,905.00","9,914.85","9,930.06","11,337.00","8,800.00",838,"8,321,386.60",284
"22-Jan-2019","EQ","9,989.80","10,050.00","9,908.90","10,003.15","9,999.90","9,987.95","9,965.68","11,337.00","8,800.00",813,"8,102,098.45",391
"21-Jan-2019","EQ","10,035.70","10,060.00","9,951.20","9,962.00","10,000.00","10,003.15","10,005.98","11,337.00","8,800.00",1291,"12,917,717.90",716
"18-Jan-2019","EQ","9,995.45","10,050.00","9,931.95","9,996.95","9,988.00","9,962.00","9,981.28","11,337.00","8,800.00",1619,"16,159,688.30",1059
"17-Jan-2019","EQ","9,971.70","10,039.00","9,869.70","9,896.85","9,982.40","9,996.95","9,973.93","11,337.00","8,800.00",1549,"15,449,614.10",723
"16-Jan-2019","EQ","9,900.05","9,990.70","9,861.10","9,939.75","9,875.00","9,896.85","9,917.02","11,337.00","8,800.00",2395,"23,751,266.75",892
"15-Jan-2019","EQ","9,920.40","10,010.00","9,875.10","9,999.30","9,960.00","9,939.75","9,956.63","11,337.00","8,800.00",2742,"27,301,080.75",1257
"14-Jan-2019","EQ","9,998.50","10,010.00","9,899.95","9,998.50","10,000.00","9,999.30","9,970.40","11,337.00","8,800.00",2723,"27,149,404.55",598
"11-Jan-2019","EQ","10,019.90","10,020.45","9,925.25","9,995.65","10,000.00","9,998.50","9,972.11","11,337.00","8,800.00",886,"8,835,287.45",330
"10-Jan-2019","EQ","10,049.80","10,111.00","9,940.05","9,982.45","9,999.00","9,995.65","10,014.77","11,337.00","8,800.00",3926,"39,317,987.75",2121
"09-Jan-2019","EQ","9,939.75","10,024.95","9,920.00","9,978.45","10,000.00","9,982.45","9,955.89","11,337.00","8,800.00",3008,"29,947,330.45",876
"08-Jan-2019","EQ","9,804.00","10,250.00","9,768.95","9,804.20","10,000.00","9,978.45","10,044.63","11,337.00","8,800.00",8842,"88,814,655.95",2331
"07-Jan-2019","EQ","9,860.00","9,860.00","9,754.05","9,784.95","9,800.00","9,804.20","9,792.85","11,337.00","8,800.00",2124,"20,800,003.60",745
"04-Jan-2019","EQ","9,803.00","9,879.00","9,711.35","9,850.00","9,775.00","9,784.95","9,803.40","11,337.00","8,800.00",1743,"17,087,317.90",672
"03-Jan-2019","EQ","9,928.95","9,940.00","9,819.00","9,895.00","9,850.00","9,850.00","9,855.04","11,337.00","8,800.00",2314,"22,804,572.40",902
"02-Jan-2019","EQ","9,900.05","9,913.60","9,840.00","9,903.75","9,899.00","9,895.00","9,872.03","11,337.00","8,800.00",2809,"27,730,545.65",646
"01-Jan-2019","EQ","9,812.05","9,939.00","9,802.05","9,884.10","9,938.95","9,903.75","9,856.64","11,337.00","8,800.00",3305,"32,576,202.45",817
"31-Dec-2018","EQ","9,883.95","9,899.00","9,821.10","9,884.10","9,890.00","9,884.10","9,875.68","11,337.00","8,800.00",2708,"26,743,332.20",730
"28-Dec-2018","EQ","9,790.00","9,960.00","9,751.00","9,793.15","9,850.00","9,884.10","9,805.80","11,337.00","8,800.00",37764,"370,306,358.25",1532
"27-Dec-2018","EQ","9,705.05","9,800.00","9,705.05","9,723.70","9,800.00","9,793.15","9,772.02","11,337.00","8,800.00",3072,"30,019,636.85",935
"26-Dec-2018","EQ","9,715.40","9,787.10","9,575.10","9,715.40","9,705.00","9,723.70","9,664.95","11,337.00","8,800.00",1894,"18,305,420.50",793
"24-Dec-2018","EQ","9,830.00","9,830.00","9,673.60","9,802.40","9,700.00","9,715.40","9,689.54","11,337.00","8,800.00",20507,"198,703,426.35",1201
"21-Dec-2018","EQ","9,962.00","9,989.75","9,651.10","9,962.65","9,800.00","9,802.40","9,833.17","11,337.00","8,800.00",5289,"52,007,641.30",1910
"20-Dec-2018","EQ","9,942.00","10,000.00","9,775.00","9,943.00","10,000.00","9,962.65","9,957.61","11,337.00","8,800.00",5821,"57,963,240.40",1109
"19-Dec-2018","EQ","9,852.00","9,967.35","9,827.80","9,897.65","9,944.90","9,943.00","9,901.69","11,337.00","8,800.00",5803,"57,459,523.70",1218
"18-Dec-2018","EQ","9,899.00","9,972.00","9,822.00","9,899.10","9,899.00","9,897.65","9,888.62","11,337.00","8,800.00",3226,"31,900,703.00",1444
"17-Dec-2018","EQ","9,733.05","9,916.00","9,651.00","9,733.05","9,853.00","9,899.10","9,823.62","11,337.00","8,800.00",9754,"95,819,558.15",1531
"14-Dec-2018","EQ","9,740.05","9,783.40","9,651.00","9,735.70","9,726.20","9,733.05","9,709.26","11,337.00","8,800.00",2032,"19,729,226.00",594
"13-Dec-2018","EQ","9,590.00","9,770.05","9,590.00","9,674.05","9,726.00","9,735.70","9,668.00","11,337.00","8,800.00",12888,"124,601,200.95",1268
"12-Dec-2018","EQ","9,659.00","9,720.00","9,601.00","9,607.75","9,689.95","9,674.05","9,646.17","11,337.00","8,800.00",10426,"100,570,974.90",1195
"11-Dec-2018","EQ","9,499.00","9,742.10","9,411.05","9,490.45","9,600.20","9,607.75","9,614.72","11,337.00","8,800.00",2121,"20,392,830.80",1083
"10-Dec-2018","EQ","9,563.20","9,563.20","9,390.00","9,563.20","9,515.00","9,490.45","9,486.19","11,337.00","8,800.00",3074,"29,160,547.70",733
"07-Dec-2018","EQ","9,560.00","9,600.00","9,479.95","9,595.85","9,574.15","9,563.20","9,531.55","11,337.00","8,800.00",2134,"20,340,318.70",619
"06-Dec-2018","EQ","9,600.20","9,650.00","9,461.00","9,606.75","9,560.00","9,595.85","9,552.12","11,337.00","8,800.00",4051,"38,695,641.45",1042
"05-Dec-2018","EQ","9,820.00","9,820.00","9,553.30","9,732.90","9,700.00","9,606.75","9,605.56","11,337.00","8,800.00",3888,"37,346,425.60",1188
"04-Dec-2018","EQ","9,599.85","9,800.00","9,450.20","9,600.55","9,700.00","9,732.90","9,574.95","11,337.00","8,800.00",9278,"88,836,343.50",1303
"03-Dec-2018","EQ","9,646.95","9,650.00","9,479.00","9,570.35","9,600.05","9,600.55","9,600.13","11,337.00","8,800.00",9161,"87,946,795.05",652
"30-Nov-2018","EQ","9,275.00","9,799.00","9,256.05","9,271.75","9,650.00","9,570.35","9,366.14","11,337.00","8,800.00",10567,"98,971,975.05",1369
"29-Nov-2018","EQ","9,289.65","9,382.10","9,255.00","9,289.65","9,262.55","9,271.75","9,296.56","11,337.00","8,800.00",2249,"20,907,960.85",618
"28-Nov-2018","EQ","9,395.00","9,395.00","9,252.70","9,308.40","9,270.00","9,289.65","9,297.39","11,337.00","8,800.00",1390,"12,923,376.85",717
"27-Nov-2018","EQ","9,415.00","9,453.15","9,275.00","9,415.20","9,290.00","9,308.40","9,332.81","11,337.00","8,800.00",6382,"59,561,995.25",686
"26-Nov-2018","EQ","9,420.00","9,496.90","9,235.15","9,336.90","9,410.00","9,415.20","9,338.10","11,337.00","8,800.00",8015,"74,844,895.15",1188
"22-Nov-2018","EQ","9,445.00","9,447.95","9,290.00","9,377.65","9,290.00","9,336.90","9,388.53","11,337.00","8,800.00",6292,"59,072,642.55",681
"21-Nov-2018","EQ","9,422.25","9,524.90","9,322.00","9,483.90","9,322.00","9,377.65","9,459.47","11,337.00","8,800.00",1171,"11,077,043.60",375
"20-Nov-2018","EQ","9,461.00","9,489.95","9,402.15","9,523.65","9,485.00","9,483.90","9,476.30","11,337.00","8,800.00",4277,"40,530,136.25",398
"19-Nov-2018","EQ","9,481.30","9,562.85","9,311.00","9,514.30","9,530.00","9,523.65","9,469.83","11,337.00","8,800.00",2328,"22,045,770.40",1142
"16-Nov-2018","EQ","9,500.05","9,560.00","9,490.00","9,504.40","9,515.00","9,514.30","9,505.99","11,337.00","8,690.00",10367,"98,548,632.60",1037
"15-Nov-2018","EQ","9,453.05","9,520.00","9,453.05","9,497.75","9,505.00","9,504.40","9,501.66","11,337.00","8,690.00",5216,"49,560,642.85",1028
"14-Nov-2018","EQ","9,650.00","9,650.00","9,420.00","9,559.40","9,500.00","9,497.75","9,512.31","11,337.00","8,690.00",1982,"18,853,403.95",436
"13-Nov-2018","EQ","9,580.00","9,627.00","9,525.05","9,626.50","9,559.00","9,559.40","9,564.51","11,337.00","8,690.00",741,"7,087,298.30",258
"12-Nov-2018","EQ","9,700.20","9,849.95","9,590.95","9,761.30","9,595.00","9,626.50","9,683.46","11,337.00","8,690.00",2416,"23,395,244.05",876
"09-Nov-2018","EQ","9,780.15","9,795.00","9,589.00","9,780.15","9,740.00","9,761.30","9,681.73","11,337.00","8,690.00",8510,"82,391,487.40",1594
"07-Nov-2018","EQ","9,500.00","9,850.00","9,500.00","9,478.95","9,834.00","9,780.15","9,749.33","11,337.00","8,690.00",1631,"15,901,157.70",557
"06-Nov-2018","EQ","9,701.00","9,776.05","9,442.35","9,698.45","9,448.00","9,478.95","9,543.46","11,337.00","8,690.00",2846,"27,160,678.75",896
"05-Nov-2018","EQ","9,831.00","9,974.55","9,666.50","9,694.15","9,672.00","9,698.45","9,762.72","11,337.00","8,690.00",8107,"79,146,342.15",1546
"02-Nov-2018","EQ","9,485.20","9,802.00","9,340.00","9,438.50","9,730.00","9,694.15","9,673.96","11,337.00","8,615.00",27624,"267,233,568.20",3692
"01-Nov-2018","EQ","9,221.00","9,542.85","9,221.00","9,368.80","9,401.50","9,438.50","9,436.95","11,337.00","8,615.00",2362,"22,290,084.45",792
"31-Oct-2018","EQ","9,491.80","9,643.00","9,333.30","9,491.10","9,360.00","9,368.80","9,398.28","11,337.00","8,615.00",2687,"25,253,189.35",1636
"30-Oct-2018","EQ","9,175.00","9,635.00","9,156.25","9,177.90","9,490.00","9,491.10","9,449.01","11,337.00","8,615.00",3555,"33,591,216.75",1330
"29-Oct-2018","EQ","9,181.00","9,252.00","9,130.05","9,192.55","9,200.00","9,177.90","9,185.72","11,337.00","8,615.00",1111,"10,205,330.10",473
"26-Oct-2018","EQ","9,131.00","9,230.00","8,912.15","9,158.45","9,230.00","9,192.55","9,119.02","11,337.00","8,563.00",2287,"20,855,208.50",1134
"25-Oct-2018","EQ","9,149.95","9,224.60","9,111.05","9,161.25","9,140.00","9,158.45","9,176.73","11,337.00","8,563.00",7475,"68,596,023.50",870
"24-Oct-2018","EQ","9,066.00","9,199.00","9,066.00","9,126.20","9,163.00","9,161.25","9,156.07","11,337.00","8,563.00",1034,"9,467,377.15",444
"23-Oct-2018","EQ","9,140.00","9,174.00","9,060.00","9,140.30","9,169.95","9,126.20","9,115.09","11,337.00","8,563.00",910,"8,294,735.85",373
"22-Oct-2018","EQ","9,224.50","9,297.65","9,090.00","9,126.15","9,140.00","9,140.30","9,125.71","11,337.00","8,563.00",15363,"140,198,316.30",1392
"19-Oct-2018","EQ","9,072.50","9,187.85","9,001.00","9,146.25","9,130.00","9,126.15","9,102.19","11,337.00","8,563.00",1163,"10,585,850.05",612
"17-Oct-2018","EQ","9,191.90","9,295.65","9,135.20","9,145.75","9,140.95","9,146.25","9,165.09","11,337.00","8,563.00",1252,"11,474,692.35",516
"16-Oct-2018","EQ","9,150.00","9,225.00","9,021.15","9,091.20","9,100.05","9,145.75","9,143.46","11,337.00","8,563.00",1508,"13,788,344.20",708
"15-Oct-2018","EQ","9,075.00","9,125.00","8,900.00","8,971.90","9,125.00","9,091.20","9,004.90","11,337.00","8,563.00",2888,"26,006,144.05",1079
"12-Oct-2018","EQ","8,907.25","9,250.00","8,907.25","8,999.15","8,960.05","8,971.90","9,030.71","11,337.00","8,525.00",2653,"23,958,486.10",1243
"11-Oct-2018","EQ","8,899.95","9,010.00","8,801.75","8,921.00","8,979.00","8,999.15","8,938.81","11,337.00","8,525.00",3527,"31,527,192.20",1053
"10-Oct-2018","EQ","8,946.00","9,094.20","8,888.00","9,023.60","8,888.00","8,921.00","8,983.86","11,337.00","8,525.00",5434,"48,818,270.90",1633
"09-Oct-2018","EQ","9,006.00","9,085.00","8,922.00","9,085.05","9,070.00","9,023.60","9,009.70","11,337.00","8,525.00",2833,"25,524,480.70",1601
"08-Oct-2018","EQ","9,202.65","9,389.95","9,025.00","9,347.70","9,025.00","9,085.05","9,178.92","11,337.00","8,525.00",6920,"63,518,146.25",3044
"05-Oct-2018","EQ","9,425.00","9,425.00","9,201.00","9,364.55","9,349.00","9,347.70","9,333.61","11,337.00","8,388.00",1934,"18,051,210.40",890
"04-Oct-2018","EQ","9,499.00","9,499.00","9,338.00","9,459.55","9,351.00","9,364.55","9,371.61","11,337.00","8,388.00",7953,"74,532,388.10",919
"03-Oct-2018","EQ","9,612.00","9,644.50","9,401.00","9,612.40","9,480.00","9,459.55","9,485.30","11,337.00","8,388.00",4027,"38,197,306.55",956
"01-Oct-2018","EQ","9,550.00","9,792.95","9,463.20","9,719.50","9,635.15","9,612.40","9,583.75","11,337.00","8,388.00",2682,"25,703,622.05",797
"28-Sep-2018","EQ","9,455.00","9,888.00","9,300.00","9,403.40","9,692.25","9,719.50","9,438.17","11,337.00","8,131.05",32632,"307,986,510.15",2295
"27-Sep-2018","EQ","9,599.00","9,600.00","9,350.00","9,524.75","9,450.00","9,403.40","9,398.40","11,337.00","8,131.05",8383,"78,786,804.10",3953
"26-Sep-2018","EQ","9,675.10","9,738.40","9,500.00","9,673.75","9,500.00","9,524.75","9,577.51","11,337.00","8,131.05",8096,"77,539,533.65",1005
"25-Sep-2018","EQ","9,724.95","9,860.15","9,649.95","9,724.75","9,723.95","9,673.75","9,696.62","11,337.00","8,131.05",9039,"87,647,743.05",1579
"24-Sep-2018","EQ","9,672.00","9,870.15","9,514.00","9,652.05","9,662.00","9,724.75","9,707.33","11,337.00","8,131.05",5474,"53,137,899.75",1797
"21-Sep-2018","EQ","9,843.70","9,995.00","9,577.00","9,796.55","9,694.00","9,652.05","9,677.66","11,337.00","8,131.05",5693,"55,094,925.75",2091
"19-Sep-2018","EQ","9,855.05","9,995.00","9,700.00","9,837.05","9,738.40","9,796.55","9,873.74","11,337.00","8,131.05",6905,"68,178,147.20",1163
"18-Sep-2018","EQ","9,926.70","9,926.70","9,770.00","9,893.50","9,849.50","9,837.05","9,845.41","11,337.00","8,131.05",3609,"35,532,091.80",1451
"17-Sep-2018","EQ","10,112.00","10,112.00","9,820.00","10,060.50","9,833.50","9,893.50","9,911.91","11,337.00","8,131.05",7200,"71,365,749.60",2772
"14-Sep-2018","EQ","10,153.70","10,299.85","10,000.10","10,153.70","10,100.00","10,060.50","10,153.98","11,337.00","8,131.05",3034,"30,807,174.30",1210
"12-Sep-2018","EQ","9,980.00","10,215.00","9,960.05","10,004.35","10,099.00","10,153.70","10,103.95","11,337.00","8,131.05",2076,"20,975,801.60",954
"11-Sep-2018","EQ","9,973.00","10,040.00","9,960.00","9,972.00","10,006.05","10,004.35","10,006.88","11,337.00","8,131.05",1296,"12,968,911.55",670
"10-Sep-2018","EQ","9,925.00","10,199.00","9,925.00","10,117.15","9,950.00","9,972.00","10,003.64","11,337.00","8,131.05",5393,"53,949,604.45",1077
"07-Sep-2018","EQ","9,960.00","10,165.00","9,960.00","10,041.20","10,090.00","10,117.15","10,028.46","11,337.00","8,131.05",5209,"52,238,227.05",718
"06-Sep-2018","EQ","10,077.00","10,100.00","9,960.00","10,077.50","10,000.35","10,041.20","10,008.74","11,337.00","8,131.05",1838,"18,396,058.95",559
"05-Sep-2018","EQ","10,115.00","10,200.00","9,875.00","10,112.95","10,120.00","10,077.50","10,079.38","11,337.00","8,131.05",12590,"126,899,446.00",3599
"04-Sep-2018","EQ","9,988.80","10,173.95","9,988.80","10,089.65","10,100.00","10,112.95","10,060.09","11,337.00","8,131.05",3493,"35,139,881.40",1914
"03-Sep-2018","EQ","10,395.00","10,395.00","10,013.20","10,271.75","10,116.00","10,089.65","10,141.36","11,337.00","8,131.05",5799,"58,809,761.45",1400
"31-Aug-2018","EQ","10,000.00","10,387.00","9,980.00","9,973.35","10,183.90","10,271.75","10,098.85","11,337.00","8,078.00",8966,"90,546,286.00",1740
"30-Aug-2018","EQ","9,747.15","10,048.00","9,600.00","9,859.40","9,970.00","9,973.35","9,942.53","11,337.00","8,078.00",61911,"615,552,058.60",3143
"29-Aug-2018","EQ","10,145.00","10,280.00","9,753.00","10,057.15","9,800.00","9,859.40","9,966.46","11,337.00","8,078.00",13102,"130,580,609.75",3051
"28-Aug-2018","EQ","10,050.00","10,140.00","9,811.70","10,051.10","10,050.00","10,057.15","10,012.40","11,337.00","8,078.00",2632,"26,352,625.05",1028
"27-Aug-2018","EQ","10,069.00","10,188.95","9,900.00","10,074.65","10,050.00","10,051.10","10,035.31","11,337.00","8,078.00",8025,"80,533,363.65",1894
"24-Aug-2018","EQ","10,460.00","10,579.00","9,984.00","10,376.65","10,079.50","10,074.65","10,257.21","11,337.00","8,035.00",14280,"146,472,976.70",3299
"23-Aug-2018","EQ","10,475.00","10,475.00","10,200.00","10,681.30","10,330.00","10,376.65","10,366.25","11,337.00","8,035.00",16066,"166,544,202.85",3487
"21-Aug-2018","EQ","10,518.05","10,697.90","10,435.00","10,549.15","10,697.90","10,681.30","10,595.99","11,337.00","8,035.00",1794,"19,009,205.10",601
"20-Aug-2018","EQ","10,695.00","10,695.00","10,177.00","10,463.25","10,585.00","10,549.15","10,509.08","11,337.00","8,035.00",4827,"50,727,349.00",1472
"17-Aug-2018","EQ","10,699.80","10,798.95","9,576.15","10,571.85","10,510.00","10,463.25","10,219.27","11,337.00","7,851.50",14309,"146,227,514.15",3884
"16-Aug-2018","EQ","10,850.00","10,850.00","10,336.05","10,797.95","10,510.00","10,571.85","10,678.68","11,337.00","7,851.50",3271,"34,929,950.95",1160
"14-Aug-2018","EQ","10,629.35","10,849.00","10,629.35","10,798.10","10,800.00","10,797.95","10,785.48","11,337.00","7,851.50",3041,"32,798,658.50",534
"13-Aug-2018","EQ","10,750.00","10,860.00","10,512.20","10,675.70","10,800.00","10,798.10","10,783.35","11,337.00","7,851.50",2789,"30,074,767.55",1217
"10-Aug-2018","EQ","10,486.85","10,800.00","10,470.00","10,486.90","10,560.30","10,675.70","10,557.53","11,337.00","7,851.50",2379,"25,116,375.10",771
"09-Aug-2018","EQ","10,704.95","10,749.70","10,400.00","10,625.30","10,500.00","10,486.90","10,501.19","11,337.00","7,851.50",9293,"97,587,561.20",1608
"08-Aug-2018","EQ","10,793.90","10,979.60","10,582.30","10,793.90","10,600.00","10,625.30","10,691.93","11,337.00","7,851.50",5576,"59,618,188.50",1195
"07-Aug-2018","EQ","10,728.90","10,810.00","10,551.00","10,730.10","10,760.00","10,793.90","10,767.57","11,337.00","7,851.50",2022,"21,772,036.00",752
"06-Aug-2018","EQ","10,622.50","10,800.00","10,500.00","10,414.25","10,725.00","10,730.10","10,659.46","11,337.00","7,851.50",2202,"23,472,123.25",826
"03-Aug-2018","EQ","10,280.00","10,509.00","10,280.00","10,279.85","10,410.10","10,414.25","10,432.13","11,337.00","7,851.50",2862,"29,856,760.50",899
"02-Aug-2018","EQ","10,303.65","10,364.70","10,125.05","10,121.10","10,350.00","10,279.85","10,261.93","11,337.00","7,851.50",5950,"61,058,460.20",889
"01-Aug-2018","EQ","10,436.15","10,447.95","10,070.00","10,339.00","10,230.00","10,121.10","10,222.81","11,337.00","7,851.50",7657,"78,276,077.55",1590
"31-Jul-2018","EQ","10,489.70","10,499.00","10,301.00","10,499.55","10,350.00","10,339.00","10,404.62","11,337.00","7,851.50",1422,"14,795,364.40",581
"30-Jul-2018","EQ","10,560.00","10,625.15","10,430.65","10,556.60","10,500.00","10,499.55","10,500.23","11,337.00","7,851.50",5301,"55,661,733.55",932
"27-Jul-2018","EQ","10,566.05","10,699.95","10,450.05","10,566.05","10,530.00","10,556.60","10,574.38","11,337.00","7,851.50",1234,"13,048,783.25",514
"26-Jul-2018","EQ","10,680.00","10,699.95","10,500.00","10,560.90","10,540.05","10,566.05","10,573.40","11,337.00","7,851.50",621,"6,566,082.00",356
"25-Jul-2018","EQ","10,627.85","10,677.00","10,524.90","10,534.25","10,535.00","10,560.90","10,600.16","11,337.00","7,851.50",1788,"18,953,082.15",500
"24-Jul-2018","EQ","10,599.00","10,710.00","10,364.05","10,527.95","10,575.00","10,534.25","10,549.25","11,337.00","7,851.50",2094,"22,090,122.05",834
"23-Jul-2018","EQ","10,543.70","11,000.00","10,303.00","10,428.95","10,500.00","10,527.95","10,709.21","11,337.00","7,851.50",5347,"57,262,148.20",1940
"20-Jul-2018","EQ","10,448.30","10,577.00","10,255.55","10,337.20","10,301.00","10,428.95","10,412.56","11,337.00","7,851.50",1356,"14,119,436.10",759
"19-Jul-2018","EQ","10,392.00","10,449.95","10,220.65","10,392.85","10,276.10","10,337.20","10,343.93","11,337.00","7,851.50",3839,"39,710,342.30",539
"18-Jul-2018","EQ","10,460.00","10,739.95","10,150.00","10,452.50","10,401.35","10,392.85","10,450.25","11,337.00","7,851.50",3552,"37,119,278.15",1941
"17-Jul-2018","EQ","10,050.85","11,337.00","10,001.00","10,104.05","10,380.20","10,452.50","10,553.97","11,337.00","7,851.50",8435,"89,022,777.05",2565
"16-Jul-2018","EQ","10,101.05","10,200.00","10,021.50","10,155.15","10,100.05","10,104.05","10,113.54","10,475.90","7,851.50",2721,"27,518,930.25",848
"13-Jul-2018","EQ","10,000.50","10,339.00","10,000.50","10,172.05","10,100.00","10,155.15","10,212.54","10,475.90","7,851.50",2812,"28,717,673.00",1102
"12-Jul-2018","EQ","10,421.00","10,475.90","9,971.55","10,319.55","10,005.00","10,172.05","10,203.59","10,475.90","7,851.50",5760,"58,772,689.05",1647
"11-Jul-2018","EQ","10,115.00","10,412.00","10,101.35","10,168.00","10,279.00","10,319.55","10,258.89","10,412.00","7,851.50",4370,"44,831,357.95",1745
"10-Jul-2018","EQ","10,050.00","10,200.00","10,000.00","10,047.15","10,165.35","10,168.00","10,108.13","10,349.95","7,851.50",1991,"20,125,291.05",907
"09-Jul-2018","EQ","9,994.90","10,250.00","9,960.00","9,954.90","10,020.00","10,047.15","10,006.31","10,349.95","7,851.50",5362,"53,653,822.25",2134
"06-Jul-2018","EQ","9,955.05","9,970.40","9,821.00","9,944.10","9,961.00","9,954.90","9,926.22","10,349.95","7,851.50",722,"7,166,727.60",319
"05-Jul-2018","EQ","9,948.80","9,954.95","9,880.00","9,877.85","9,954.90","9,944.10","9,923.79","10,349.95","7,851.50",739,"7,333,683.95",305
"04-Jul-2018","EQ","9,913.95","9,932.40","9,800.00","9,844.35","9,905.00","9,877.85","9,865.49","10,349.95","7,851.50",3979,"39,254,765.95",1115
"03-Jul-2018","EQ","9,914.05","9,914.05","9,800.00","9,912.60","9,819.95","9,844.35","9,852.20","10,349.95","7,851.50",5708,"56,236,350.00",731
"02-Jul-2018","EQ","9,900.00","9,930.00","9,841.10","9,924.75","9,900.00","9,912.60","9,901.04","10,349.95","7,851.50",4207,"41,653,654.40",456
"29-Jun-2018","EQ","9,795.85","9,999.00","9,790.05","9,820.25","9,902.05","9,924.75","9,914.99","10,349.95","7,851.50",6706,"66,489,889.80",3169
"28-Jun-2018","EQ","9,935.00","10,042.35","9,725.00","9,935.95","9,810.00","9,820.25","9,961.05","10,349.95","7,851.50",13018,"129,673,008.05",1166
"27-Jun-2018","EQ","9,841.05","9,988.20","9,835.00","9,893.85","9,900.00","9,935.95","9,928.22","10,349.95","7,851.50",5463,"54,237,847.55",1703
"26-Jun-2018","EQ","9,900.00","9,980.15","9,830.00","9,899.40","9,900.00","9,893.85","9,874.72","10,349.95","7,851.50",1644,"16,234,046.25",406
"25-Jun-2018","EQ","10,002.00","10,025.00","9,538.95","9,944.45","9,882.00","9,899.40","9,831.36","10,349.95","7,851.50",7098,"69,783,015.60",3172
"22-Jun-2018","EQ","9,951.00","9,952.00","9,832.30","9,944.50","9,935.00","9,944.45","9,931.48","10,349.95","7,840.00",1198,"11,897,908.10",339
"21-Jun-2018","EQ","9,950.00","9,996.00","9,900.75","9,950.95","9,950.00","9,944.50","9,951.46","10,349.95","7,840.00",1761,"17,524,513.25",454
"20-Jun-2018","EQ","10,069.00","10,069.00","9,931.25","9,962.15","9,950.00","9,950.95","9,954.39","10,349.95","7,840.00",1374,"13,677,329.75",447
"19-Jun-2018","EQ","9,995.40","9,999.40","9,900.10","9,995.40","9,964.90","9,962.15","9,951.93","10,349.95","7,840.00",5439,"54,128,551.55",710
"18-Jun-2018","EQ","9,789.00","10,349.95","9,635.65","9,738.75","9,980.00","9,995.40","9,922.16","10,349.95","7,840.00",10883,"107,982,844.45",2577
"15-Jun-2018","EQ","9,701.00","9,770.00","9,642.10","9,722.95","9,736.00","9,738.75","9,734.37","9,900.00","7,821.05",1059,"10,308,693.60",529
"14-Jun-2018","EQ","9,755.00","9,755.00","9,620.05","9,648.15","9,700.00","9,722.95","9,691.50","9,900.00","7,821.05",1156,"11,203,376.95",431
"13-Jun-2018","EQ","9,575.95","9,860.00","9,503.10","9,587.55","9,654.00","9,648.15","9,721.92","9,900.00","7,821.05",2703,"26,278,347.80",869
"12-Jun-2018","EQ","9,425.00","9,620.00","9,379.00","9,473.85","9,590.95","9,587.55","9,512.10","9,900.00","7,821.05",2002,"19,043,233.90",1051
"11-Jun-2018","EQ","9,380.00","9,500.00","9,333.05","9,401.55","9,500.00","9,473.85","9,413.95","9,900.00","7,821.05",2825,"26,594,398.35",516
"08-Jun-2018","EQ","9,384.90","9,411.00","9,300.00","9,362.05","9,400.00","9,401.55","9,394.24","9,900.00","7,630.05",9564,"89,846,558.80",593
"07-Jun-2018","EQ","9,242.45","9,399.00","9,242.40","9,316.25","9,398.75","9,362.05","9,306.22","9,900.00","7,630.05",5607,"52,179,949.10",495
"06-Jun-2018","EQ","9,300.00","9,398.95","9,212.00","9,309.60","9,310.00","9,316.25","9,291.31","9,900.00","7,630.05",385,"3,577,154.85",244
"05-Jun-2018","EQ","9,241.00","9,389.00","9,200.00","9,223.90","9,287.00","9,309.60","9,233.26","9,900.00","7,630.05",2399,"22,150,594.05",408
"04-Jun-2018","EQ","9,420.00","9,420.00","9,200.00","9,343.05","9,200.05","9,223.90","9,258.55","9,900.00","7,630.05",2259,"20,915,064.25",746
"01-Jun-2018","EQ","9,280.00","9,386.75","9,215.00","9,301.50","9,370.00","9,343.05","9,277.54","9,900.00","7,402.00",2387,"22,145,483.75",442
"31-May-2018","EQ","9,250.05","9,343.10","9,211.00","9,246.60","9,300.00","9,301.50","9,263.72","9,900.00","7,402.00",869,"8,050,174.80",347
"30-May-2018","EQ","9,242.00","9,275.00","9,207.65","9,242.30","9,250.00","9,246.60","9,246.05","9,900.00","7,402.00",4134,"38,223,176.05",418
"29-May-2018","EQ","9,403.70","9,403.70","9,203.70","9,395.00","9,203.70","9,242.30","9,306.89","9,900.00","7,402.00",3659,"34,053,900.45",841
"28-May-2018","EQ","9,339.00","9,488.00","9,302.00","9,339.20","9,366.25","9,395.00","9,400.13","9,900.00","7,402.00",53903,"506,695,421.45",749
"25-May-2018","EQ","9,347.00","9,445.00","9,250.00","9,276.35","9,306.00","9,339.20","9,318.57","9,900.00","7,351.00",1822,"16,978,429.70",493
"24-May-2018","EQ","9,250.00","9,319.95","9,170.05","9,254.75","9,280.00","9,276.35","9,204.83","9,900.00","7,351.00",10761,"99,053,169.65",503
"23-May-2018","EQ","9,200.00","9,324.50","9,160.05","9,208.50","9,221.00","9,254.75","9,230.10","9,900.00","7,351.00",1198,"11,057,654.45",396
"22-May-2018","EQ","9,355.00","9,355.00","9,186.60","9,270.30","9,235.00","9,208.50","9,225.08","9,900.00","7,351.00",993,"9,160,508.80",681
"21-May-2018","EQ","9,303.00","9,341.10","9,105.50","9,290.55","9,299.95","9,270.30","9,204.27","9,900.00","7,351.00",9308,"85,673,372.55",892
"18-May-2018","EQ","9,155.55","9,366.95","9,155.55","9,206.30","9,260.00","9,290.55","9,284.59","9,900.00","7,351.00",865,"8,031,171.15",489
"17-May-2018","EQ","9,390.00","9,569.75","9,150.00","9,396.55","9,150.20","9,206.30","9,264.84","9,900.00","7,351.00",1826,"16,917,588.90",912
"16-May-2018","EQ","9,187.00","9,547.85","8,821.00","9,131.20","9,360.00","9,396.55","9,317.60","9,900.00","7,351.00",7029,"65,493,414.65",1701
"15-May-2018","EQ","8,852.00","9,197.90","8,852.00","8,916.75","9,197.90","9,131.20","9,017.61","9,900.00","7,351.00",8424,"75,964,354.10",1420
"14-May-2018","EQ","9,202.00","9,234.95","8,800.00","9,200.40","8,900.00","8,916.75","8,918.53","9,900.00","7,351.00",20837,"185,835,400.60",2190
"11-May-2018","EQ","9,699.95","9,797.70","9,140.00","9,700.75","9,174.90","9,200.40","9,368.26","9,900.00","7,351.00",13176,"123,436,157.40",3666
"10-May-2018","EQ","9,574.00","9,741.30","9,573.95","9,574.85","9,700.00","9,700.75","9,672.42","9,900.00","7,351.00",1143,"11,055,580.45",453
"09-May-2018","EQ","9,700.00","9,799.95","9,540.00","9,736.60","9,540.00","9,574.85","9,619.48","9,900.00","7,351.00",2109,"20,287,492.00",600
"08-May-2018","EQ","9,739.95","9,800.00","9,556.05","9,744.45","9,700.00","9,736.60","9,739.54","9,900.00","7,351.00",3412,"33,231,316.40",863
"07-May-2018","EQ","9,783.65","9,783.65","9,678.00","9,759.95","9,772.00","9,744.45","9,740.59","9,900.00","7,351.00",686,"6,682,047.75",247
"04-May-2018","EQ","9,677.00","9,797.50","9,668.25","9,591.60","9,750.00","9,759.95","9,738.53","9,900.00","7,316.00",2692,"26,216,122.40",786
"03-May-2018","EQ","9,684.95","9,773.00","9,550.00","9,685.10","9,600.00","9,591.60","9,659.08","9,900.00","7,316.00",1797,"17,357,369.30",663
"02-May-2018","EQ","9,536.50","9,724.00","9,465.00","9,536.70","9,720.00","9,685.10","9,602.97","9,900.00","7,316.00",1897,"18,216,840.00",736
"30-Apr-2018","EQ","9,493.05","9,594.95","9,430.15","9,492.00","9,550.00","9,536.70","9,489.50","9,900.00","7,316.00",3434,"32,586,952.45",572
"27-Apr-2018","EQ","9,638.00","9,693.00","9,225.50","9,578.90","9,500.00","9,492.00","9,436.26","9,900.00","7,289.50",6958,"65,657,479.55",2226
"26-Apr-2018","EQ","9,765.00","9,765.00","9,545.00","9,730.90","9,550.00","9,578.90","9,647.06","9,900.00","7,289.50",1306,"12,599,065.65",554
"25-Apr-2018","EQ","9,677.95","9,779.80","9,582.00","9,650.80","9,700.05","9,730.90","9,668.55","9,900.00","7,289.50",3497,"33,810,921.15",1668
"24-Apr-2018","EQ","9,819.95","9,819.95","9,606.00","9,759.50","9,606.00","9,650.80","9,702.17","9,900.00","7,289.50",1551,"15,048,060.50",620
"23-Apr-2018","EQ","9,792.35","9,793.95","9,727.60","9,752.00","9,792.00","9,759.50","9,756.23","9,900.00","7,289.50",1020,"9,951,350.35",411
"20-Apr-2018","EQ","9,840.00","9,860.95","9,725.00","9,796.80","9,726.00","9,752.00","9,772.27","9,900.00","7,266.65",1123,"10,974,263.25",475
"19-Apr-2018","EQ","9,757.75","9,800.00","9,740.00","9,793.65","9,799.95","9,796.80","9,776.45","9,900.00","7,266.65",587,"5,738,775.90",203
"18-Apr-2018","EQ","9,797.00","9,800.00","9,747.65","9,797.85","9,799.00","9,793.65","9,798.99","9,900.00","7,266.65",3038,"29,769,338.95",163
"17-Apr-2018","EQ","9,799.95","9,800.00","9,761.75","9,795.15","9,800.00","9,797.85","9,798.03","9,900.00","7,266.65",1911,"18,724,041.80",715
"16-Apr-2018","EQ","9,790.00","9,800.00","9,690.10","9,697.35","9,750.00","9,795.15","9,775.34","9,900.00","7,266.65",2289,"22,375,748.40",544
"13-Apr-2018","EQ","9,630.10","9,780.05","9,630.10","9,727.70","9,672.00","9,697.35","9,717.52","9,900.00","7,266.65",631,"6,131,754.70",290
"12-Apr-2018","EQ","9,830.00","9,830.00","9,601.50","9,736.55","9,685.00","9,727.70","9,732.04","9,900.00","7,266.65",1824,"17,751,232.40",662
"11-Apr-2018","EQ","9,594.00","9,799.00","9,525.00","9,594.15","9,687.70","9,736.55","9,721.93","9,900.00","7,266.65",2376,"23,099,301.70",726
"10-Apr-2018","EQ","9,571.05","9,689.95","9,510.00","9,597.95","9,521.00","9,594.15","9,598.59","9,900.00","7,266.65",2299,"22,067,169.30",1120
"09-Apr-2018","EQ","9,663.85","9,848.10","9,570.00","9,663.85","9,570.00","9,597.95","9,716.12","9,900.00","7,266.65",5969,"57,995,517.30",1993
"06-Apr-2018","EQ","9,699.95","9,700.00","9,601.00","9,709.45","9,630.00","9,663.85","9,648.96","9,900.00","7,260.25",2028,"19,568,083.05",1073
"05-Apr-2018","EQ","9,648.00","9,727.00","9,640.00","9,610.70","9,700.00","9,709.45","9,704.03","9,900.00","7,260.25",3148,"30,548,297.45",786
"04-Apr-2018","EQ","9,475.00","9,650.00","9,440.00","9,471.10","9,560.00","9,610.70","9,607.94","9,900.00","7,260.25",3561,"34,213,859.85",765