"Date","Price","Open","High","Low","Vol.","Change %"
"May 12, 2020","369.75","383.39","383.39","368.09","2.74M","-3.62%"
"May 11, 2020","383.65","374.25","388.30","370.32","1.58M","1.69%"
"May 08, 2020","377.26","384.00","387.60","376.13","2.11M","-1.20%"
"May 07, 2020","381.83","369.65","386.37","369.58","2.76M","4.50%"
"May 06, 2020","365.39","374.25","379.69","365.25","2.39M","-1.42%"
"May 05, 2020","370.64","360.84","376.18","356.72","2.98M","4.51%"
"May 04, 2020","354.64","337.77","356.50","336.66","2.54M","4.46%"
"May 01, 2020","339.51","342.09","351.00","336.00","2.45M","-3.42%"
"Apr 30, 2020","351.54","329.49","357.53","329.00","5.39M","9.18%"
"Apr 29, 2020","321.99","302.60","325.39","302.10","3.48M","8.78%"
"Apr 28, 2020","296.00","313.90","313.90","295.83","2.25M","-4.08%"
"Apr 27, 2020","308.60","308.00","311.00","306.43","1.16M","1.87%"
"Apr 24, 2020","302.94","297.53","303.68","292.70","1.48M","1.89%"
"Apr 23, 2020","297.31","300.07","304.32","296.04","1.46M","-0.77%"
"Apr 22, 2020","299.61","296.30","302.58","293.09","1.42M","3.75%"
"Apr 21, 2020","288.77","296.50","303.52","281.58","2.89M","-4.53%"
"Apr 20, 2020","302.46","297.01","308.08","296.72","1.88M","0.96%"
"Apr 17, 2020","299.59","301.23","303.10","296.89","2.13M","2.62%"
"Apr 16, 2020","291.94","300.38","301.25","289.29","2.08M","-1.34%"
"Apr 15, 2020","295.92","297.24","299.25","293.56","1.80M","-2.04%"
"Apr 14, 2020","302.09","297.06","303.12","289.28","2.56M","6.53%"
"Apr 13, 2020","283.56","276.09","284.50","273.94","2.32M","1.98%"
"Apr 09, 2020","278.06","277.75","285.00","274.84","2.75M","1.46%"
"Apr 08, 2020","274.05","267.11","276.24","264.19","1.77M","4.46%"
"Apr 07, 2020","262.35","276.95","276.95","255.29","3.05M","-2.82%"
"Apr 06, 2020","269.95","259.11","272.25","255.56","3.22M","8.17%"
"Apr 03, 2020","249.57","258.11","258.11","246.67","2.85M","-3.64%"
"Apr 02, 2020","259.00","265.00","272.62","249.25","4.40M","-5.15%"
"Apr 01, 2020","273.07","273.52","278.71","268.71","2.42M","-4.71%"
"Mar 31, 2020","286.58","285.10","295.99","281.64","3.39M","0.07%"
"Mar 30, 2020","286.39","277.77","292.70","275.20","2.37M","4.52%"
"Mar 27, 2020","274.00","282.01","283.60","269.53","3.08M","-7.03%"
"Mar 26, 2020","294.73","269.73","295.00","268.00","3.73M","11.36%"
"Mar 25, 2020","264.67","272.04","278.70","257.32","3.09M","-2.69%"
"Mar 24, 2020","272.00","272.95","283.58","268.54","3.37M","6.53%"
"Mar 23, 2020","255.32","254.90","260.39","240.16","2.83M","0.24%"
"Mar 20, 2020","254.70","276.06","284.68","252.25","3.50M","-8.27%"
"Mar 19, 2020","277.66","275.40","289.97","258.44","2.79M","-0.18%"
"Mar 18, 2020","278.16","266.01","279.92","239.00","4.43M","-3.22%"
"Mar 17, 2020","287.42","271.41","302.98","270.02","3.91M","8.28%"
"Mar 16, 2020","265.43","251.01","283.84","250.00","3.39M","-7.73%"
"Mar 13, 2020","287.67","277.41","288.50","264.84","3.04M","9.75%"
"Mar 12, 2020","262.12","270.04","287.13","261.61","3.88M","-9.81%"
"Mar 11, 2020","290.63","304.98","310.26","283.81","2.91M","-7.09%"
"Mar 10, 2020","312.80","302.38","313.00","291.62","3.92M","7.09%"
"Mar 09, 2020","292.09","294.39","306.84","288.00","3.44M","-7.93%"
"Mar 06, 2020","317.24","319.39","323.51","300.80","4.11M","-3.67%"
"Mar 05, 2020","329.33","337.49","343.03","326.27","1.96M","-4.56%"
"Mar 04, 2020","345.07","336.74","345.21","331.63","1.58M","4.68%"
"Mar 03, 2020","329.63","344.39","350.70","325.13","2.95M","-4.29%"
"Mar 02, 2020","344.40","333.83","344.48","326.32","2.70M","5.62%"
"Feb 28, 2020","326.09","310.00","327.00","307.10","3.20M","1.87%"
"Feb 27, 2020","320.10","323.69","331.43","317.77","2.28M","-4.24%"
"Feb 26, 2020","334.27","331.00","342.51","330.25","1.62M","1.38%"
"Feb 25, 2020","329.72","338.56","342.08","327.57","1.84M","-1.15%"
"Feb 24, 2020","333.56","327.34","336.50","324.19","2.02M","-3.17%"
"Feb 21, 2020","344.48","350.48","351.75","338.78","2.35M","-2.40%"
"Feb 20, 2020","352.94","357.72","361.98","345.41","1.95M","-1.34%"
"Feb 19, 2020","357.72","358.75","362.95","357.40","1.31M","0.06%"
"Feb 18, 2020","357.49","356.00","358.76","354.04","1.29M","0.37%"
"Feb 14, 2020","356.16","353.64","356.32","350.88","1.11M","1.24%"
"Feb 13, 2020","351.81","347.50","357.00","347.50","2.49M","0.57%"
"Feb 12, 2020","349.80","345.02","350.43","339.50","1.31M","1.81%"
"Feb 11, 2020","343.57","345.96","346.19","341.04","1.19M","0.23%"
"Feb 10, 2020","342.77","340.72","345.00","338.90","1.78M","0.50%"
"Feb 07, 2020","341.06","341.71","345.77","339.69","1.68M","-0.19%"
"Feb 06, 2020","341.70","340.01","342.82","334.08","1.47M","0.95%"
"Feb 05, 2020","338.50","353.17","355.99","334.81","2.85M","-3.84%"
"Feb 04, 2020","352.03","346.00","354.64","344.52","2.04M","2.57%"
"Feb 03, 2020","343.20","338.41","344.75","337.25","2.12M","1.47%"
"Jan 31, 2020","338.23","339.50","339.91","332.83","2.43M","-0.99%"
"Jan 30, 2020","341.62","333.73","343.89","329.65","4.95M","9.17%"
"Jan 29, 2020","312.93","315.52","315.98","311.06","2.55M","-0.36%"
"Jan 28, 2020","314.05","309.29","315.21","308.40","1.54M","2.09%"
"Jan 27, 2020","307.63","300.45","308.18","298.05","1.72M","-0.57%"
"Jan 24, 2020","309.39","314.58","318.84","307.78","1.79M","-0.66%"
"Jan 23, 2020","311.46","313.00","316.18","310.90","1.59M","-0.44%"
"Jan 22, 2020","312.85","317.03","317.27","312.75","1.77M","-0.04%"
"Jan 21, 2020","312.98","312.00","315.60","311.11","2.56M","0.15%"
"Jan 17, 2020","312.52","310.44","312.79","309.56","2.11M","0.81%"
"Jan 16, 2020","310.02","306.00","310.50","305.35","2.27M","1.69%"
"Jan 15, 2020","304.87","302.00","307.73","301.90","1.49M","1.12%"
"Jan 14, 2020","301.50","303.85","306.00","301.37","1.50M","-0.77%"
"Jan 13, 2020","303.85","302.35","305.86","301.00","1.64M","1.66%"
"Jan 10, 2020","298.88","300.72","303.39","297.45","1.26M","-0.14%"
"Jan 09, 2020","299.31","297.30","299.77","294.23","1.40M","1.24%"
"Jan 08, 2020","295.65","294.56","297.69","293.24","1.74M","0.94%"
"Jan 07, 2020","292.91","293.22","294.58","288.03","1.44M","0.01%"
"Jan 06, 2020","292.87","285.19","293.41","284.60","1.47M","0.61%"
"Jan 03, 2020","291.10","286.90","293.06","286.50","1.14M","-0.05%"
"Jan 02, 2020","291.24","284.96","291.68","284.22","1.77M","3.16%"
"Dec 31, 2019","282.32","280.41","283.85","279.79","970.35K","-0.17%"
"Dec 30, 2019","282.81","286.28","286.42","277.75","1.41M","-1.42%"
"Dec 27, 2019","286.88","288.07","288.07","284.11","997.65K","0.24%"
"Dec 26, 2019","286.20","284.76","288.08","284.76","945.98K","0.70%"
"Dec 24, 2019","284.20","283.90","284.92","282.57","305.73K","0.31%"
"Dec 23, 2019","283.31","283.05","287.44","281.71","1.94M","0.24%"
"Dec 20, 2019","282.63","280.52","282.83","278.76","2.30M","1.49%"
"Dec 19, 2019","278.48","277.45","279.11","275.33","1.43M","0.37%"
"Dec 18, 2019","277.45","277.43","280.18","276.10","1.27M","0.47%"
"Dec 17, 2019","276.14","279.95","281.02","274.39","1.93M","-2.01%"
"Dec 16, 2019","281.79","274.33","281.80","274.11","2.08M","3.23%"
"Dec 13, 2019","272.98","265.64","273.80","263.98","1.87M","2.76%"
"Dec 12, 2019","265.65","266.36","268.59","264.08","2.22M","-0.62%"
"Dec 11, 2019","267.30","266.00","268.19","263.53","1.78M","0.19%"
"Dec 10, 2019","266.78","270.00","272.44","266.20","1.46M","-1.08%"
"Dec 09, 2019","269.70","271.77","272.60","269.62","1.07M","-0.86%"
"Dec 06, 2019","272.04","274.90","275.31","269.62","1.87M","-0.40%"
"Dec 05, 2019","273.13","273.00","277.25","271.86","1.18M","-0.24%"
"Dec 04, 2019","273.80","277.87","278.07","272.80","1.85M","-1.87%"
"Dec 03, 2019","279.01","271.79","280.00","271.06","2.35M","0.60%"
"Dec 02, 2019","277.35","283.00","283.00","269.50","2.34M","-2.01%"
"Nov 29, 2019","283.04","280.97","283.49","280.10","879.90K","0.63%"
"Nov 27, 2019","281.28","279.51","281.49","277.85","1.32M","0.87%"
"Nov 26, 2019","278.86","281.00","281.15","278.62","2.36M","-0.32%"
"Nov 25, 2019","279.75","280.00","284.00","278.41","3.24M","-0.08%"
"Nov 22, 2019","279.98","280.00","280.85","276.89","2.15M","0.31%"
"Nov 21, 2019","279.12","282.32","283.47","277.75","4.07M","-1.37%"
"Nov 20, 2019","283.00","276.88","284.30","276.65","37.94M","1.89%"
"Nov 19, 2019","277.74","277.25","279.90","272.53","9.87M","4.29%"
"Nov 18, 2019","266.31","258.00","268.45","257.30","3.21M","2.44%"
"Nov 15, 2019","259.96","255.50","260.04","254.29","2.23M","2.41%"
"Nov 14, 2019","253.85","252.77","255.41","249.47","1.81M","-0.04%"
"Nov 13, 2019","253.94","250.93","255.11","249.01","1.96M","0.56%"
"Nov 12, 2019","252.53","249.29","253.49","249.20","1.89M","1.60%"
"Nov 11, 2019","248.55","247.31","250.00","245.81","1.70M","0.04%"
"Nov 08, 2019","248.45","239.92","249.20","238.29","1.94M","3.14%"
"Nov 07, 2019","240.89","242.00","244.65","239.81","1.92M","-0.19%"
"Nov 06, 2019","241.35","241.75","242.73","238.97","1.37M","-0.21%"
"Nov 05, 2019","241.86","245.81","246.40","239.13","2.22M","-1.60%"
"Nov 04, 2019","245.80","254.49","255.57","245.05","1.81M","-2.86%"
"Nov 01, 2019","253.03","248.94","256.16","247.41","2.48M","2.33%"
"Oct 31, 2019","247.26","249.96","250.81","244.01","1.45M","-1.08%"
"Oct 30, 2019","249.95","243.34","250.24","239.03","1.91M","3.70%"
"Oct 29, 2019","241.04","243.99","248.99","240.82","1.87M","-1.50%"
"Oct 28, 2019","244.70","243.40","246.28","240.00","3.48M","1.44%"
"Oct 25, 2019","241.22","237.77","241.50","234.06","3.34M","1.45%"
"Oct 24, 2019","237.78","236.56","243.82","232.25","9.40M","8.08%"
"Oct 23, 2019","220.01","216.30","225.73","213.99","12.29M","-3.65%"
"Oct 22, 2019","228.34","241.91","242.45","225.00","8.29M","-5.21%"
"Oct 21, 2019","240.90","245.09","245.81","239.10","3.84M","-0.86%"
"Oct 18, 2019","243.00","253.97","257.51","240.62","4.43M","-4.45%"
"Oct 17, 2019","254.31","258.29","259.06","252.05","2.21M","-0.11%"
"Oct 16, 2019","254.60","258.93","260.75","249.10","4.73M","-7.16%"
"Oct 15, 2019","274.24","270.44","276.50","270.00","1.77M","1.78%"
"Oct 14, 2019","269.44","270.07","271.22","267.86","1.36M","-0.33%"
"Oct 11, 2019","270.33","268.06","273.96","266.31","1.75M","2.72%"
"Oct 10, 2019","263.18","260.02","264.68","259.10","777.03K","0.44%"
"Oct 09, 2019","262.02","260.84","263.52","259.48","842.94K","1.51%"
"Oct 08, 2019","258.13","266.00","268.37","257.98","1.16M","-3.74%"
"Oct 07, 2019","268.15","266.23","270.50","266.23","2.01M","0.63%"
"Oct 04, 2019","266.48","260.23","267.22","259.58","1.92M","3.54%"
"Oct 03, 2019","257.37","247.77","258.56","244.29","1.68M","4.26%"
"Oct 02, 2019","246.85","249.06","250.76","243.54","1.79M","-1.31%"
"Oct 01, 2019","250.13","255.32","256.12","249.71","1.71M","-1.47%"
"Sep 30, 2019","253.85","252.20","254.80","249.51","1.22M","1.43%"
"Sep 27, 2019","250.26","258.92","259.49","245.27","2.29M","-3.00%"
"Sep 26, 2019","257.99","259.39","259.65","255.24","951.62K","-0.54%"
"Sep 25, 2019","259.38","257.50","259.64","248.67","2.57M","0.73%"
"Sep 24, 2019","257.50","267.00","268.33","256.10","1.52M","-3.56%"
"Sep 23, 2019","267.00","272.47","273.63","266.96","1.24M","-1.54%"
"Sep 20, 2019","271.17","269.47","271.39","266.59","2.14M","0.90%"
"Sep 19, 2019","268.74","265.45","269.18","262.50","1.49M","1.09%"
"Sep 18, 2019","265.85","266.69","266.90","259.77","1.46M","0.68%"
"Sep 17, 2019","264.05","263.36","268.00","260.74","1.27M","1.11%"
"Sep 16, 2019","261.15","251.00","261.24","250.00","1.18M","3.65%"
"Sep 13, 2019","251.96","255.38","256.38","251.00","1.52M","-1.89%"
"Sep 12, 2019","256.81","256.60","259.66","255.52","1.81M","1.24%"
"Sep 11, 2019","253.67","252.63","259.06","251.02","1.49M","0.19%"
"Sep 10, 2019","253.18","250.47","255.66","246.50","2.53M","-0.59%"
"Sep 09, 2019","254.68","264.00","265.84","250.00","2.92M","-3.35%"
"Sep 06, 2019","263.50","269.90","270.56","262.47","1.40M","-2.27%"
"Sep 05, 2019","269.62","270.32","273.16","260.60","2.15M","0.41%"
"Sep 04, 2019","268.52","265.72","270.14","265.25","1.20M","1.95%"
"Sep 03, 2019","263.38","264.09","265.56","261.00","1.43M","0.59%"
"Aug 30, 2019","261.84","265.91","266.58","256.65","1.50M","-1.11%"
"Aug 29, 2019","264.79","263.86","265.94","260.60","1.09M","1.72%"
"Aug 28, 2019","260.32","261.77","263.31","258.22","1.66M","-2.21%"
"Aug 27, 2019","266.21","269.02","269.60","261.94","1.49M","-0.14%"
"Aug 26, 2019","266.57","265.00","266.87","262.31","849.65K","1.33%"
"Aug 23, 2019","263.07","266.37","274.56","261.81","2.61M","-0.59%"
"Aug 22, 2019","264.64","266.50","267.95","262.28","1.27M","-0.43%"
"Aug 21, 2019","265.78","262.00","267.84","260.24","1.90M","4.11%"
"Aug 20, 2019","255.28","255.50","257.61","252.58","1.35M","-0.09%"
"Aug 19, 2019","255.51","260.00","261.58","254.63","1.81M","-0.54%"
"Aug 16, 2019","256.91","255.91","259.90","254.87","1.51M","1.83%"
"Aug 15, 2019","252.29","252.00","254.91","250.19","1.78M","-0.01%"
"Aug 14, 2019","252.31","258.34","259.87","251.69","1.78M","-3.77%"
"Aug 13, 2019","262.19","258.00","263.57","257.35","1.61M","1.40%"
"Aug 12, 2019","258.56","261.30","263.12","257.75","783.79K","-1.99%"
"Aug 09, 2019","263.82","267.25","268.00","262.74","899.49K","-1.23%"
"Aug 08, 2019","267.11","262.01","267.73","261.38","1.64M","2.46%"
"Aug 07, 2019","260.69","259.66","264.95","257.00","1.29M","-0.39%"
"Aug 06, 2019","261.71","261.66","265.00","257.35","1.72M","1.91%"
"Aug 05, 2019","256.81","255.01","262.54","251.90","3.59M","-3.40%"
"Aug 02, 2019","265.86","272.95","273.11","261.88","2.44M","-2.97%"
"Aug 01, 2019","274.00","277.38","281.72","271.12","2.76M","-1.22%"
"Jul 31, 2019","277.39","281.71","282.50","272.61","2.10M","-1.28%"
"Jul 30, 2019","281.00","284.28","286.39","280.97","1.56M","-1.69%"
"Jul 29, 2019","285.84","289.34","290.00","275.59","3.27M","-1.21%"
"Jul 26, 2019","289.33","288.37","290.19","285.75","1.71M","1.26%"
"Jul 25, 2019","285.73","288.50","290.75","279.69","4.53M","-3.86%"
"Jul 24, 2019","297.21","291.72","297.61","290.50","2.77M","2.13%"
"Jul 23, 2019","291.01","295.02","295.02","287.64","1.61M","-0.95%"
"Jul 22, 2019","293.81","293.40","294.97","289.62","1.96M","1.40%"
"Jul 19, 2019","289.74","298.05","299.20","288.45","1.40M","-1.68%"
"Jul 18, 2019","294.68","296.32","298.49","294.03","1.10M","-0.63%"
"Jul 17, 2019","296.56","295.50","300.16","294.50","865.75K","0.36%"
"Jul 16, 2019","295.50","300.00","301.30","294.20","1.16M","-1.86%"
"Jul 15, 2019","301.10","302.00","302.41","297.88","729.99K","-0.01%"
"Jul 12, 2019","301.13","302.30","303.17","296.11","963.86K","-0.39%"
"Jul 11, 2019","302.31","300.41","302.62","299.46","886.71K","1.19%"
"Jul 10, 2019","298.75","299.61","302.99","298.31","1.21M","0.24%"
"Jul 09, 2019","298.02","291.41","299.12","290.63","1.66M","1.71%"
"Jul 08, 2019","293.00","293.65","293.78","289.65","1.27M","-0.52%"
"Jul 05, 2019","294.53","291.00","294.62","288.55","1.01M","0.47%"
"Jul 03, 2019","293.15","289.90","294.23","289.90","1.12M","1.68%"
"Jul 02, 2019","288.31","283.31","289.32","283.14","1.95M","1.69%"
"Jul 01, 2019","283.51","281.99","284.33","279.49","1.74M","3.26%"
"Jun 28, 2019","274.57","277.81","280.19","274.57","4.16M","-1.41%"
"Jun 27, 2019","278.51","277.37","280.82","276.21","1.14M","1.15%"
"Jun 26, 2019","275.34","278.78","285.20","273.86","1.31M","-0.01%"
"Jun 25, 2019","275.36","283.15","283.15","273.06","1.59M","-2.53%"
"Jun 24, 2019","282.50","287.87","288.38","280.94","1.54M","-1.13%"
"Jun 21, 2019","285.74","287.52","290.84","285.65","1.65M","-1.06%"
"Jun 20, 2019","288.80","290.24","292.98","286.43","1.73M","1.15%"
"Jun 19, 2019","285.51","284.21","285.83","281.05","1.48M","1.02%"
"Jun 18, 2019","282.64","278.32","285.03","278.32","2.01M","2.94%"
"Jun 17, 2019","274.56","273.70","276.38","271.72","988.36K","0.85%"
"Jun 14, 2019","272.25","273.73","275.61","270.05","1.02M","-0.56%"
"Jun 13, 2019","273.79","268.60","274.09","268.60","1.18M","2.21%"
"Jun 12, 2019","267.88","266.00","270.34","264.33","977.79K","0.60%"
"Jun 11, 2019","266.29","279.86","279.86","263.95","1.47M","-3.47%"
"Jun 10, 2019","275.87","279.36","280.56","275.61","1.25M","0.48%"
"Jun 07, 2019","274.55","270.99","276.69","270.99","1.69M","2.26%"
"Jun 06, 2019","268.49","263.24","269.68","261.82","950.40K","1.99%"
"Jun 05, 2019","263.25","262.37","263.88","256.30","1.83M","2.21%"
"Jun 04, 2019","257.55","251.14","258.07","247.51","1.52M","3.69%"
"Jun 03, 2019","248.38","262.00","263.29","246.02","2.82M","-5.17%"
"May 31, 2019","261.93","259.31","265.44","257.50","1.22M","-0.26%"
"May 30, 2019","262.60","265.41","265.41","261.21","1.30M","-0.60%"
"May 29, 2019","264.19","263.90","268.32","261.51","1.13M","-0.92%"
"May 28, 2019","266.65","269.08","272.12","264.74","1.44M","-0.86%"
"May 24, 2019","268.95","266.75","269.44","265.05","1.18M","1.57%"
"May 23, 2019","264.79","270.06","270.87","263.88","1.46M","-3.15%"
"May 22, 2019","273.39","270.07","276.50","269.83","775.89K","0.80%"
"May 21, 2019","271.21","269.71","273.00","267.75","1.08M","2.31%"
"May 20, 2019","265.08","266.96","270.50","263.54","2.41M","-2.90%"
"May 17, 2019","272.99","275.71","277.32","271.62","1.72M","-1.79%"
"May 16, 2019","277.96","275.00","281.74","274.21","4.21M","1.46%"
"May 15, 2019","273.96","270.00","276.43","269.54","1.28M","0.69%"
"May 14, 2019","272.07","263.22","272.93","263.22","2.05M","4.59%"
"May 13, 2019","260.12","266.88","271.16","259.27","2.78M","-5.38%"
"May 10, 2019","274.90","268.50","275.20","266.50","1.75M","1.63%"
"May 09, 2019","270.49","262.35","271.80","260.28","1.71M","1.70%"
"May 08, 2019","265.98","264.00","268.39","260.83","1.26M","0.44%"
"May 07, 2019","264.81","267.00","268.90","260.05","1.57M","-1.83%"
"May 06, 2019","269.75","260.50","270.97","257.50","1.26M","0.46%"
"May 03, 2019","268.52","265.68","269.31","264.26","1.65M","2.23%"
"May 02, 2019","262.67","264.86","269.99","260.35","3.21M","-2.86%"
"May 01, 2019","270.40","273.16","273.16","268.31","1.53M","-0.41%"
"Apr 30, 2019","271.51","271.00","273.82","268.73","1.52M","-0.07%"
"Apr 29, 2019","271.69","267.10","273.47","267.10","2.03M","1.73%"
"Apr 26, 2019","267.08","260.00","267.83","257.09","2.22M","2.45%"
"Apr 25, 2019","260.69","261.02","269.26","258.18","4.78M","7.41%"
"Apr 24, 2019","242.70","245.00","245.38","241.06","2.72M","-0.35%"
"Apr 23, 2019","243.55","243.25","247.34","241.10","2.06M","0.38%"
"Apr 22, 2019","242.64","236.02","243.57","236.00","1.25M","2.21%"
"Apr 18, 2019","237.40","234.40","238.92","232.14","2.94M","0.50%"
"Apr 17, 2019","236.23","241.72","242.00","234.32","2.49M","-1.49%"
"Apr 16, 2019","239.81","245.89","246.12","238.85","1.13M","-1.63%"
"Apr 15, 2019","243.79","244.07","246.40","242.44","1.30M","-0.21%"
"Apr 12, 2019","244.30","247.00","247.74","243.74","997.49K","-0.60%"
"Apr 11, 2019","245.77","243.64","246.19","242.11","1.04M","0.87%"
"Apr 10, 2019","243.66","240.50","245.58","240.02","1.24M","2.05%"
"Apr 09, 2019","238.76","235.13","240.28","235.13","1.36M","0.65%"
"Apr 08, 2019","237.21","236.40","239.38","233.51","1.45M","0.10%"
"Apr 05, 2019","236.98","238.64","240.09","235.26","1.18M","-0.02%"
"Apr 04, 2019","237.03","246.35","246.39","230.14","2.94M","-4.09%"
"Apr 03, 2019","247.14","248.90","248.90","244.29","1.05M","0.13%"
"Apr 02, 2019","246.82","245.75","247.02","242.80","1.48M","0.44%"
"Apr 01, 2019","245.73","249.99","250.35","243.80","1.81M","-0.31%"
"Mar 29, 2019","246.49","246.50","247.13","243.36","1.39M","1.30%"
"Mar 28, 2019","243.33","243.73","245.84","240.73","1.17M","0.81%"
"Mar 27, 2019","241.37","244.82","244.82","235.60","1.58M","-1.48%"
"Mar 26, 2019","245.00","245.04","247.24","243.20","1.35M","1.37%"
"Mar 25, 2019","241.70","238.79","243.01","236.62","1.55M","0.20%"
"Mar 22, 2019","241.21","249.00","250.50","241.07","2.01M","-3.88%"
"Mar 21, 2019","250.95","243.72","251.65","243.72","1.53M","2.60%"
"Mar 20, 2019","244.59","243.00","247.28","239.80","1.21M","1.09%"
"Mar 19, 2019","241.96","242.26","244.13","240.35","2.19M","0.41%"
"Mar 18, 2019","240.98","242.53","245.96","240.14","2.41M","-0.38%"
"Mar 15, 2019","241.89","241.37","243.24","240.20","2.05M","0.12%"
"Mar 14, 2019","241.59","244.05","244.63","241.30","1.95M","0.50%"
"Mar 13, 2019","240.39","240.56","243.42","239.55","1.89M","0.70%"
"Mar 12, 2019","238.71","240.15","241.02","236.78","1.69M","-0.48%"
"Mar 11, 2019","239.86","235.51","240.09","235.13","1.99M","2.53%"
"Mar 08, 2019","233.95","229.30","234.03","226.71","1.53M","0.25%"
"Mar 07, 2019","233.37","232.37","236.81","231.11","1.58M","0.11%"
"Mar 06, 2019","233.11","235.45","237.45","231.79","1.21M","-1.22%"
"Mar 05, 2019","236.00","237.57","237.57","232.03","1.94M","-0.41%"
"Mar 04, 2019","236.97","244.60","245.33","228.67","4.42M","-2.69%"
"Mar 01, 2019","243.52","242.31","244.35","239.29","2.06M","1.70%"
"Feb 28, 2019","239.44","240.17","241.44","237.74","1.89M","-0.36%"
"Feb 27, 2019","240.31","235.80","240.86","235.33","2.21M","1.74%"
"Feb 26, 2019","236.21","235.84","236.94","233.45","1.18M","-0.33%"
"Feb 25, 2019","237.00","237.50","239.45","235.59","1.61M","0.85%"
"Feb 22, 2019","235.00","230.32","236.15","230.32","1.98M","2.17%"
"Feb 21, 2019","230.01","228.71","231.24","226.51","1.32M","0.22%"
"Feb 20, 2019","229.50","235.00","235.49","227.85","2.35M","-2.17%"
"Feb 19, 2019","234.58","233.49","235.46","232.00","1.43M","-0.13%"
"Feb 15, 2019","234.89","235.00","236.69","232.40","1.43M","0.37%"
"Feb 14, 2019","234.03","231.44","235.84","230.76","1.30M","0.89%"
"Feb 13, 2019","231.97","235.00","237.49","231.65","1.68M","-1.14%"
"Feb 12, 2019","234.65","230.61","236.81","230.50","2.37M","2.46%"
"Feb 11, 2019","229.01","229.89","232.25","227.07","1.94M","0.20%"
"Feb 08, 2019","228.56","225.40","228.79","222.67","1.60M","0.70%"
"Feb 07, 2019","226.96","224.06","228.04","222.12","1.48M","0.62%"
"Feb 06, 2019","225.56","228.00","229.50","223.30","1.66M","-1.22%"
"Feb 05, 2019","228.35","226.00","229.40","225.37","1.90M","1.43%"
"Feb 04, 2019","225.14","220.83","225.88","220.10","3.60M","1.64%"
"Feb 01, 2019","221.51","218.58","221.84","216.80","3.55M","0.68%"
"Jan 31, 2019","220.02","211.36","228.41","209.99","11.20M","13.41%"
"Jan 30, 2019","194.00","187.19","194.21","187.01","4.25M","4.97%"
"Jan 29, 2019","184.82","188.18","188.82","184.00","1.63M","-1.66%"
"Jan 28, 2019","187.94","188.05","190.16","186.50","1.93M","-1.64%"
"Jan 25, 2019","191.08","187.61","191.27","187.36","1.43M","2.90%"
"Jan 24, 2019","185.70","184.25","187.47","182.46","1.35M","0.95%"
"Jan 23, 2019","183.96","187.52","189.82","182.91","1.59M","-0.94%"
"Jan 22, 2019","185.70","187.78","189.68","184.78","1.51M","-2.31%"
"Jan 18, 2019","190.09","189.73","191.45","186.63","1.93M","1.91%"
"Jan 17, 2019","186.53","186.83","189.44","185.22","2.15M","-1.61%"
"Jan 16, 2019","189.59","189.52","192.79","187.45","1.45M","0.66%"
"Jan 15, 2019","188.35","189.45","190.32","187.58","2.52M","-0.03%"
"Jan 14, 2019","188.40","187.87","191.08","186.93","1.81M","-1.72%"
"Jan 11, 2019","191.69","188.10","191.95","186.06","1.65M","0.89%"
"Jan 10, 2019","190.00","188.90","190.94","187.55","1.64M","-0.25%"
"Jan 09, 2019","190.47","185.26","191.29","185.26","2.10M","1.25%"
"Jan 08, 2019","188.11","189.75","191.65","184.56","1.61M","0.77%"
"Jan 07, 2019","186.67","180.75","188.00","179.40","1.83M","4.15%"
"Jan 04, 2019","179.23","173.01","181.49","171.66","2.20M","5.98%"
"Jan 03, 2019","169.12","175.12","177.99","168.47","2.47M","-5.16%"
"Jan 02, 2019","178.32","174.12","180.45","172.46","2.56M","0.15%"
"Dec 31, 2018","178.05","182.92","183.27","176.80","1.66M","-1.26%"
"Dec 28, 2018","180.33","179.61","184.09","175.68","2.44M","1.20%"
"Dec 27, 2018","178.20","166.87","178.24","166.50","2.94M","5.13%"
"Dec 26, 2018","169.51","159.68","169.67","159.68","3.05M","6.66%"
"Dec 24, 2018","158.92","159.02","163.81","158.00","896.42K","-1.90%"
"Dec 21, 2018","162.00","170.02","170.49","160.44","2.80M","-4.66%"
"Dec 20, 2018","169.92","171.84","174.81","160.00","3.20M","-2.37%"
"Dec 19, 2018","174.04","174.64","181.14","171.13","2.14M","0.27%"
"Dec 18, 2018","173.57","173.42","175.62","170.72","1.68M","1.22%"
"Dec 17, 2018","171.47","180.01","180.01","170.52","2.32M","-5.78%"
"Dec 14, 2018","181.98","184.54","187.62","181.46","1.66M","-3.28%"
"Dec 13, 2018","188.15","189.40","190.76","185.35","1.44M","0.27%"
"Dec 12, 2018","187.64","187.00","191.35","185.96","2.29M","2.30%"
"Dec 11, 2018","183.42","189.16","189.19","181.72","2.22M","-0.80%"
"Dec 10, 2018","184.90","181.00","187.77","181.00","1.57M","1.38%"
"Dec 07, 2018","182.38","186.94","189.67","179.25","1.75M","-2.78%"
"Dec 06, 2018","187.60","175.82","187.80","174.00","2.68M","3.73%"
"Dec 04, 2018","180.85","185.59","188.68","178.22","2.54M","-3.85%"
"Dec 03, 2018","188.09","192.05","192.16","184.60","2.41M","1.52%"
"Nov 30, 2018","185.27","179.64","186.27","178.52","3.14M","3.45%"
"Nov 29, 2018","179.10","176.24","181.81","175.35","1.74M","0.69%"
"Nov 28, 2018","177.87","171.25","178.36","170.41","3.11M","7.32%"
"Nov 27, 2018","165.74","164.60","166.75","162.11","1.49M","-0.91%"
"Nov 26, 2018","167.26","164.09","168.27","160.71","1.75M","4.13%"
"Nov 23, 2018","160.63","156.57","161.74","156.50","577.57K","0.94%"
"Nov 21, 2018","159.14","160.22","163.00","157.64","1.82M","1.21%"
"Nov 20, 2018","157.24","148.99","161.28","147.63","4.10M","0.28%"
"Nov 19, 2018","156.80","169.56","169.85","156.09","3.19M","-8.35%"
"Nov 16, 2018","171.09","170.73","173.88","169.25","1.11M","-1.09%"
"Nov 15, 2018","172.97","166.67","173.55","166.63","1.60M","3.34%"
"Nov 14, 2018","167.38","171.26","172.67","166.85","1.44M","-0.76%"
"Nov 13, 2018","168.67","174.35","174.87","167.08","2.14M","-2.15%"
"Nov 12, 2018","172.37","175.20","176.99","166.52","2.67M","-2.94%"
"Nov 09, 2018","177.59","184.23","184.23","173.91","2.21M","-4.60%"
"Nov 08, 2018","186.16","190.00","191.58","185.18","1.78M","-2.45%"
"Nov 07, 2018","190.83","182.35","194.04","180.78","2.99M","7.59%"
"Nov 06, 2018","177.37","179.50","182.48","176.26","1.19M","-1.69%"
"Nov 05, 2018","180.41","178.98","180.73","176.71","1.39M","0.91%"
"Nov 02, 2018","178.78","184.87","186.35","178.36","1.53M","-2.69%"
"Nov 01, 2018","183.73","181.03","184.31","177.06","1.54M","1.49%"
"Oct 31, 2018","181.04","174.31","185.12","174.31","4.01M","7.44%"
"Oct 30, 2018","168.50","160.00","169.00","157.60","3.13M","2.60%"
"Oct 29, 2018","164.23","172.09","173.50","160.66","2.54M","-1.52%"
"Oct 26, 2018","166.76","164.24","172.16","162.43","3.13M","-3.40%"
"Oct 25, 2018","172.63","173.40","175.00","162.18","5.15M","1.42%"
"Oct 24, 2018","170.21","181.78","183.78","169.65","3.79M","-6.36%"
"Oct 23, 2018","181.78","174.20","184.66","172.85","3.03M","1.64%"
"Oct 22, 2018","178.84","178.91","180.95","174.38","2.73M","0.95%"
"Oct 19, 2018","177.15","186.46","187.65","176.66","2.26M","-4.34%"
"Oct 18, 2018","185.18","189.14","191.54","182.02","2.24M","-2.67%"
"Oct 17, 2018","190.26","193.11","193.19","188.43","1.91M","-1.28%"
"Oct 16, 2018","192.72","185.21","193.35","184.66","2.79M","6.53%"
"Oct 15, 2018","180.91","184.16","184.25","179.62","1.46M","-1.92%"
"Oct 12, 2018","184.45","182.32","188.07","180.29","2.94M","5.42%"
"Oct 11, 2018","174.97","172.85","178.21","172.14","3.51M","1.64%"
"Oct 10, 2018","172.14","180.45","180.83","171.81","3.54M","-5.11%"
"Oct 09, 2018","181.41","179.90","187.29","179.11","2.40M","0.64%"
"Oct 08, 2018","180.26","184.39","185.81","177.27","2.63M","-3.40%"
"Oct 05, 2018","186.60","187.11","190.12","181.65","2.24M","-0.45%"
"Oct 04, 2018","187.44","195.49","195.50","184.62","3.49M","-4.46%"
"Oct 03, 2018","196.20","194.28","198.31","192.26","1.58M","1.71%"
"Oct 02, 2018","192.90","195.72","195.97","192.33","1.32M","-0.88%"
"Oct 01, 2018","194.61","197.25","199.23","193.63","1.34M","-0.52%"
"Sep 28, 2018","195.63","194.58","197.80","194.55","1.21M","0.28%"
"Sep 27, 2018","195.08","196.05","197.50","193.81","1.12M","-0.32%"
"Sep 26, 2018","195.71","197.61","198.88","194.69","1.33M","-0.96%"
"Sep 25, 2018","197.61","194.28","198.47","193.94","2.11M","2.32%"
"Sep 24, 2018","193.12","187.63","194.07","185.67","2.06M","1.81%"
"Sep 21, 2018","189.69","188.37","190.57","187.80","2.88M","1.25%"
"Sep 20, 2018","187.35","187.00","188.94","184.25","2.88M","0.73%"
"Sep 19, 2018","186.00","191.50","192.61","182.73","3.93M","-3.06%"
"Sep 18, 2018","191.88","193.02","195.78","191.55","2.30M","-0.49%"
"Sep 17, 2018","192.82","201.88","201.95","192.65","2.31M","-5.00%"
"Sep 14, 2018","202.97","204.12","205.34","202.15","1.23M","-0.79%"
"Sep 13, 2018","204.58","204.00","206.29","203.06","1.47M","0.89%"
"Sep 12, 2018","202.77","199.84","203.34","195.29","1.61M","1.64%"
"Sep 11, 2018","199.50","198.00","202.72","197.25","1.77M","0.25%"
"Sep 10, 2018","199.01","199.88","199.88","195.50","2.15M","1.03%"
"Sep 07, 2018","196.98","192.94","198.50","191.33","1.63M","1.97%"
"Sep 06, 2018","193.18","191.92","194.33","189.24","1.84M","1.27%"
"Sep 05, 2018","190.76","200.00","200.00","188.30","2.70M","-4.74%"
"Sep 04, 2018","200.26","195.95","200.66","195.30","1.69M","1.99%"
"Aug 31, 2018","196.36","198.00","199.44","195.37","1.23M","-1.05%"
"Aug 30, 2018","198.45","199.50","200.04","196.46","1.81M","-0.89%"
"Aug 29, 2018","200.23","194.27","201.00","194.27","2.99M","3.07%"
"Aug 28, 2018","194.26","193.78","194.77","191.52","1.19M","0.52%"
"Aug 27, 2018","193.25","194.00","196.63","192.22","1.71M","-0.16%"
"Aug 24, 2018","193.56","186.11","194.75","185.28","2.77M","4.71%"
"Aug 23, 2018","184.85","182.17","186.23","181.80","1.52M","1.34%"
"Aug 22, 2018","182.41","181.48","183.64","181.12","2.05M","0.17%"
"Aug 21, 2018","182.10","182.40","184.83","181.82","1.56M","0.41%"
"Aug 20, 2018","181.36","180.17","181.92","179.15","1.66M","0.29%"
"Aug 17, 2018","180.83","182.00","183.16","178.80","1.66M","-0.66%"
"Aug 16, 2018","182.03","184.35","184.52","181.76","749.93K","-0.38%"
"Aug 15, 2018","182.73","184.17","187.44","180.61","1.26M","-0.95%"
"Aug 14, 2018","184.49","186.10","186.87","181.76","1.29M","-0.29%"
"Aug 13, 2018","185.02","187.01","189.17","184.84","872.40K","-1.31%"
"Aug 10, 2018","187.47","186.36","190.00","185.45","829.82K","-0.46%"
"Aug 09, 2018","188.34","186.81","190.63","186.20","1.21M","1.19%"
"Aug 08, 2018","186.13","185.30","187.22","182.36","842.58K","0.21%"
"Aug 07, 2018","185.74","185.00","187.03","184.20","1.05M","0.58%"
"Aug 06, 2018","184.66","181.12","184.94","181.12","1.15M","2.09%"
"Aug 03, 2018","180.88","183.59","183.65","178.75","1.28M","-1.07%"
"Aug 02, 2018","182.84","177.00","183.06","176.79","1.83M","2.75%"
"Aug 01, 2018","177.94","176.59","180.62","176.00","1.98M","1.13%"
"Jul 31, 2018","175.96","179.25","179.99","174.35","3.06M","-1.59%"
"Jul 30, 2018","178.81","184.00","184.95","178.56","2.44M","-2.79%"
"Jul 27, 2018","183.95","192.03","192.48","178.35","3.29M","-4.35%"
"Jul 26, 2018","192.32","181.50","194.67","181.50","3.79M","4.60%"
"Jul 25, 2018","183.86","184.57","187.33","183.36","3.70M","-0.57%"
"Jul 24, 2018","184.91","191.93","192.18","183.44","2.74M","-2.93%"
"Jul 23, 2018","190.50","190.18","191.35","186.58","1.64M","-0.30%"
"Jul 20, 2018","191.08","191.01","193.56","190.50","1.44M","0.55%"
"Jul 19, 2018","190.04","191.53","192.73","189.48","953.19K","-1.03%"
"Jul 18, 2018","192.01","192.00","194.02","190.11","1.54M","0.42%"
"Jul 17, 2018","191.20","186.95","191.67","184.22","1.34M","1.12%"
"Jul 16, 2018","189.08","191.96","192.00","188.30","1.31M","-1.04%"
"Jul 13, 2018","191.06","193.29","193.98","189.24","1.90M","-1.85%"
"Jul 12, 2018","194.66","188.83","194.81","188.74","2.21M","4.00%"
"Jul 11, 2018","187.18","183.37","188.18","183.37","1.37M","0.85%"
"Jul 10, 2018","185.60","185.23","186.48","183.39","1.22M","0.41%"
"Jul 09, 2018","184.85","183.23","185.26","181.10","1.49M","1.48%"
"Jul 06, 2018","182.16","179.40","183.28","178.64","785.76K","1.52%"
"Jul 05, 2018","179.43","178.19","180.45","177.83","1.24M","1.26%"
"Jul 03, 2018","177.19","178.03","179.35","176.57","757.11K","-0.23%"
"Jul 02, 2018","177.60","171.61","177.69","170.39","1.68M","2.97%"
"Jun 29, 2018","172.47","174.00","175.25","171.56","1.05M","0.03%"
"Jun 28, 2018","172.41","167.84","173.80","167.50","1.49M","2.64%"
"Jun 27, 2018","167.97","172.21","175.74","167.36","1.94M","-1.69%"
"Jun 26, 2018","170.85","172.09","174.14","170.07","1.51M","-0.32%"
"Jun 25, 2018","171.39","174.43","175.00","169.46","1.92M","-3.01%"
"Jun 22, 2018","176.70","178.58","178.58","172.51","2.42M","-1.98%"
"Jun 21, 2018","180.27","185.00","186.57","179.94","1.30M","-2.43%"
"Jun 20, 2018","184.76","185.00","188.59","184.47","1.72M","0.63%"
"Jun 19, 2018","183.61","183.58","184.25","179.31","1.50M","-1.50%"
"Jun 18, 2018","186.41","185.36","186.71","183.00","1.40M","0.03%"
"Jun 15, 2018","186.35","184.97","186.59","181.25","1.72M","0.54%"
"Jun 14, 2018","185.34","182.59","187.23","182.51","2.62M","2.27%"
"Jun 13, 2018","181.23","183.23","183.95","179.45","1.40M","-0.34%"
"Jun 12, 2018","181.84","180.56","182.55","179.81","1.42M","0.98%"
"Jun 11, 2018","180.08","178.46","180.50","177.05","1.19M","1.06%"
"Jun 08, 2018","178.19","177.70","180.02","176.22","2.02M","0.42%"
"Jun 07, 2018","177.45","187.00","187.00","174.32","2.85M","-4.81%"
"Jun 06, 2018","186.42","186.56","187.39","185.36","1.41M","0.18%"
"Jun 05, 2018","186.09","184.19","186.95","184.03","1.53M","1.41%"
"Jun 04, 2018","183.50","182.57","184.47","181.21","1.54M","1.10%"
"Jun 01, 2018","181.51","179.06","181.57","177.30","1.28M","2.20%"
"May 31, 2018","177.61","178.11","181.41","177.20","2.00M","-0.48%"
"May 30, 2018","178.47","177.32","179.85","176.01","2.22M","1.23%"
"May 29, 2018","176.30","176.00","177.38","174.61","1.41M","-0.24%"
"May 25, 2018","176.72","175.19","177.49","174.71","1.34M","0.68%"
"May 24, 2018","175.52","174.07","176.72","172.92","1.55M","0.90%"
"May 23, 2018","173.96","168.70","174.07","168.70","1.23M","2.17%"
"May 22, 2018","170.26","172.21","172.84","168.08","1.19M","-0.69%"
"May 21, 2018","171.45","175.27","177.37","170.58","1.08M","-1.43%"
"May 18, 2018","173.94","171.76","174.56","171.50","1.19M","1.30%"
"May 17, 2018","171.71","171.13","171.94","169.25","1.44M","0.33%"
"May 16, 2018","171.15","173.01","174.00","170.02","1.61M","-1.31%"
"May 15, 2018","173.42","171.98","174.54","168.79","1.75M","-0.18%"
"May 14, 2018","173.73","178.86","179.50","173.49","1.81M","-2.87%"
"May 11, 2018","178.87","179.22","180.04","177.31","1.53M","-0.06%"
"May 10, 2018","178.98","181.13","182.59","178.54","3.08M","-0.59%"
"May 09, 2018","180.04","177.27","180.98","175.83","2.23M","2.28%"
"May 08, 2018","176.03","172.61","176.13","170.73","3.16M","0.01%"
"May 07, 2018","176.02","172.09","176.89","171.84","2.16M","2.80%"
"May 04, 2018","171.22","168.70","173.09","167.46","1.84M","1.48%"
"May 03, 2018","168.73","165.79","169.54","164.92","1.95M","1.95%"
"May 02, 2018","165.50","164.56","167.91","164.19","1.25M","0.05%"
"May 01, 2018","165.42","165.36","166.74","163.27","1.42M","-0.43%"
"Apr 30, 2018","166.14","163.18","166.91","163.18","1.89M","1.81%"
"Apr 27, 2018","163.18","166.78","167.10","160.37","2.24M","-1.20%"
"Apr 26, 2018","165.16","160.00","167.61","156.18","3.80M","4.53%"
"Apr 25, 2018","158.00","162.45","162.79","157.25","4.10M","-1.66%"
"Apr 24, 2018","160.66","169.19","169.61","158.17","3.18M","-4.09%"
"Apr 23, 2018","167.51","169.92","170.23","166.62","1.93M","-0.82%"
"Apr 20, 2018","168.90","171.69","172.55","167.93","1.86M","-2.36%"
"Apr 19, 2018","172.99","173.29","174.36","170.88","1.53M","-0.75%"
"Apr 18, 2018","174.30","175.39","175.54","171.21","1.66M","-0.14%"
"Apr 17, 2018","174.54","171.00","175.03","171.00","1.70M","3.00%"
"Apr 16, 2018","169.45","168.51","170.72","167.27","1.25M","1.53%"
"Apr 13, 2018","166.90","170.08","171.30","164.79","1.34M","-0.99%"
"Apr 12, 2018","168.57","166.73","170.17","166.54","1.55M","1.24%"
"Apr 11, 2018","166.50","165.08","168.24","164.47","2.25M","-0.05%"
"Apr 10, 2018","166.58","166.25","167.43","162.13","1.83M","2.27%"
"Apr 09, 2018","162.89","164.56","166.34","162.65","1.24M","-0.03%"
"Apr 06, 2018","162.94","163.96","166.88","161.24","1.18M","-1.71%"
"Apr 05, 2018","165.77","166.78","168.16","164.62","1.76M","0.66%"
"Apr 04, 2018","164.69","156.50","164.99","156.00","2.06M","1.81%"
"Apr 03, 2018","161.77","166.60","167.97","160.07","1.82M","0.09%"
"Apr 02, 2018","161.62","164.44","165.84","159.24","1.90M","-2.31%"
"Mar 29, 2018","165.45","161.60","167.46","160.27","2.26M","3.61%"
"Mar 28, 2018","159.68","163.00","164.01","157.16","3.08M","-1.93%"
"Mar 27, 2018","162.82","173.21","173.38","161.36","2.04M","-5.03%"
"Mar 26, 2018","171.45","168.55","172.04","167.81","2.04M","4.05%"
"Mar 23, 2018","164.77","168.98","170.63","164.52","2.01M","-2.36%"
"Mar 22, 2018","168.76","171.34","172.83","168.00","1.64M","-2.56%"
"Mar 21, 2018","173.19","171.99","176.19","171.50","1.90M","0.63%"
"Mar 20, 2018","172.11","169.87","173.37","169.23","3.00M","1.35%"
"Mar 19, 2018","169.81","169.80","172.78","167.42","1.97M","-0.10%"
"Mar 16, 2018","169.98","174.82","175.00","169.07","2.44M","-2.21%"
"Mar 15, 2018","173.83","175.96","176.00","170.91","1.66M","-0.86%"
"Mar 14, 2018","175.34","175.37","176.56","173.49","1.40M","0.79%"
"Mar 13, 2018","173.96","175.99","175.99","172.17","1.84M","-0.27%"
"Mar 12, 2018","174.43","172.76","175.90","171.56","2.12M","0.97%"
"Mar 09, 2018","172.76","174.34","174.99","172.46","2.36M","-0.13%"
"Mar 08, 2018","172.99","174.68","175.65","172.40","1.85M","-0.04%"
"Mar 07, 2018","173.06","169.45","174.19","169.38","1.65M","1.16%"
"Mar 06, 2018","171.07","169.40","171.91","168.41","2.73M","1.65%"
"Mar 05, 2018","168.30","164.76","169.19","163.81","2.05M","0.98%"
"Mar 02, 2018","166.67","158.65","167.10","157.53","2.19M","4.45%"
"Mar 01, 2018","159.57","162.62","164.26","157.88","2.00M","-0.89%"
"Feb 28, 2018","161.01","163.27","165.68","160.87","1.93M","-1.43%"
"Feb 27, 2018","163.34","161.27","164.24","160.75","2.00M","1.73%"
"Feb 26, 2018","160.57","160.80","162.64","159.66","1.21M","0.11%"
"Feb 23, 2018","160.40","156.86","160.63","156.86","1.04M","2.79%"
"Feb 22, 2018","156.05","157.78","159.31","155.69","1.17M","-0.97%"
"Feb 21, 2018","157.58","156.36","160.73","156.31","1.92M","0.52%"
"Feb 20, 2018","156.76","152.90","158.13","152.03","1.76M","1.77%"
"Feb 16, 2018","154.03","151.93","156.19","151.18","1.90M","0.98%"
"Feb 15, 2018","152.54","148.95","152.79","147.80","1.88M","3.25%"
"Feb 14, 2018","147.74","147.27","149.00","146.30","1.85M","0.13%"
"Feb 13, 2018","147.55","146.04","148.32","145.57","1.43M","0.21%"
"Feb 12, 2018","147.24","146.97","148.62","145.24","1.61M","1.43%"
"Feb 09, 2018","145.16","142.14","146.76","137.60","2.84M","3.61%"
"Feb 08, 2018","140.10","153.00","153.50","140.10","3.74M","-8.53%"
"Feb 07, 2018","153.17","148.62","154.03","148.07","2.46M","2.78%"
"Feb 06, 2018","149.02","144.91","149.38","143.49","2.96M","1.11%"
"Feb 05, 2018","147.39","147.29","157.00","145.43","3.79M","-1.58%"
"Feb 02, 2018","149.76","150.51","151.94","147.33","2.83M","-2.00%"
"Feb 01, 2018","152.81","151.76","156.54","151.33","4.23M","2.65%"
"Jan 31, 2018","148.87","148.68","150.10","147.76","2.88M","1.56%"
"Jan 30, 2018","146.59","146.07","147.44","145.63","2.37M","-0.34%"
"Jan 29, 2018","147.09","149.59","150.85","146.83","2.41M","-1.77%"
"Jan 26, 2018","149.74","147.16","149.82","146.38","1.47M","2.89%"
"Jan 25, 2018","145.54","146.89","146.90","145.42","1.22M","0.07%"
"Jan 24, 2018","145.44","144.42","146.67","144.37","1.43M","0.70%"
"Jan 23, 2018","144.43","144.59","144.99","143.56","1.37M","0.37%"
"Jan 22, 2018","143.90","142.33","144.08","141.75","1.38M","1.15%"
"Jan 19, 2018","142.27","141.23","142.52","141.02","1.61M","0.81%"
"Jan 18, 2018","141.13","140.75","141.48","140.00","1.29M","0.24%"
"Jan 17, 2018","140.79","140.83","140.93","139.00","1.78M","0.72%"
"Jan 16, 2018","139.79","141.32","141.66","139.21","3.15M","1.16%"
"Jan 12, 2018","138.19","137.64","139.06","137.08","1.20M","0.44%"
"Jan 11, 2018","137.58","136.59","137.78","136.24","1.52M","0.99%"
"Jan 10, 2018","136.23","134.96","136.41","134.36","1.90M","0.58%"
"Jan 09, 2018","135.45","135.65","136.40","134.62","1.31M","0.11%"
"Jan 08, 2018","135.30","135.05","136.09","134.87","1.34M","0.21%"
"Jan 05, 2018","135.01","134.95","135.13","133.90","1.18M","0.87%"
"Jan 04, 2018","133.85","133.88","135.09","133.78","1.36M","0.71%"
"Jan 03, 2018","132.91","132.00","133.25","131.74","1.58M","0.90%"
"Jan 02, 2018","131.73","131.00","132.35","130.14","1.28M","1.03%"
"Dec 29, 2017","130.39","130.54","131.26","130.17","676.04K","-0.23%"
"Dec 28, 2017","130.69","130.80","130.90","129.64","973.38K","0.33%"
"Dec 27, 2017","130.26","129.54","130.88","129.05","841.12K","0.73%"
"Dec 26, 2017","129.32","128.96","129.91","128.22","745.85K","0.10%"
"Dec 22, 2017","129.19","128.75","129.33","127.84","1.13M","0.17%"
"Dec 21, 2017","128.97","129.18","129.74","128.51","1.67M","-0.02%"
"Dec 20, 2017","129.00","130.19","130.51","128.11","1.51M","-0.74%"
"Dec 19, 2017","129.96","130.04","130.66","128.71","2.30M","-0.56%"
"Dec 18, 2017","130.69","130.59","131.11","130.17","2.29M","0.92%"
"Dec 15, 2017","129.50","125.96","129.52","125.87","1.91M","2.64%"
"Dec 14, 2017","126.17","123.87","126.21","123.62","1.89M","2.27%"
"Dec 13, 2017","123.37","121.66","123.51","121.66","1.46M","1.95%"
"Dec 12, 2017","121.01","122.64","123.15","120.16","2.22M","-1.69%"
"Dec 11, 2017","123.09","122.41","123.66","122.25","2.55M","1.05%"
"Dec 08, 2017","121.81","122.10","123.87","121.53","1.02M","0.67%"
"Dec 07, 2017","121.00","117.84","121.39","117.36","1.82M","2.75%"
"Dec 06, 2017","117.76","115.47","118.16","114.81","1.66M","1.34%"
"Dec 05, 2017","116.20","113.14","119.38","112.84","2.20M","2.27%"
"Dec 04, 2017","113.62","123.60","123.67","113.33","3.98M","-7.37%"
"Dec 01, 2017","122.66","122.55","123.81","121.04","1.24M","-0.28%"
"Nov 30, 2017","123.00","120.98","123.71","120.15","1.61M","2.00%"
"Nov 29, 2017","120.59","125.86","126.73","120.36","2.71M","-4.77%"
"Nov 28, 2017","126.63","127.03","127.03","125.30","1.11M","-0.28%"
"Nov 27, 2017","126.99","128.50","128.76","126.54","832.41K","-1.02%"
"Nov 24, 2017","128.30","128.08","128.80","128.00","506.16K","0.67%"
"Nov 22, 2017","127.45","127.92","128.87","127.29","530.30K","-0.48%"
"Nov 21, 2017","128.07","128.18","130.05","127.83","1.76M","0.31%"
"Nov 20, 2017","127.67","127.53","129.48","127.48","999.42K","0.10%"
"Nov 17, 2017","127.54","125.84","127.63","125.41","1.12M","1.45%"
"Nov 16, 2017","125.72","123.57","126.37","123.51","1.15M","1.95%"
"Nov 15, 2017","123.32","123.46","124.90","122.01","622.40K","-0.93%"
"Nov 14, 2017","124.48","124.86","125.20","123.73","954.19K","-0.44%"
"Nov 13, 2017","125.03","124.60","125.23","123.44","893.79K","-0.75%"
"Nov 10, 2017","125.98","125.15","126.30","125.05","958.48K","0.34%"
"Nov 09, 2017","125.55","127.40","127.40","124.10","909.72K","-1.62%"
"Nov 08, 2017","127.62","124.42","127.95","124.30","1.64M","1.66%"
"Nov 07, 2017","125.53","125.00","125.84","123.74","1.03M","0.64%"
"Nov 06, 2017","124.73","125.50","125.99","124.43","777.38K","-0.14%"
"Nov 03, 2017","124.91","124.25","125.45","123.15","1.15M","0.46%"
"Nov 02, 2017","124.34","123.92","125.00","122.66","864.89K","-0.14%"
"Nov 01, 2017","124.51","127.20","127.50","123.20","1.14M","-1.47%"
"Oct 31, 2017","126.37","125.11","126.80","124.77","1.46M","1.06%"
"Oct 30, 2017","125.05","125.28","125.85","123.94","1.13M","-0.54%"
"Oct 27, 2017","125.73","126.00","126.78","122.91","2.63M","-0.33%"
"Oct 26, 2017","126.14","119.98","127.34","118.50","4.29M","1.22%"
"Oct 25, 2017","124.62","126.72","127.75","124.28","3.20M","-1.01%"
"Oct 24, 2017","125.89","124.49","126.28","123.27","2.05M","1.53%"
"Oct 23, 2017","123.99","128.99","129.56","123.40","1.85M","-0.66%"
"Oct 20, 2017","124.82","121.40","124.87","120.85","1.79M","3.32%"
"Oct 19, 2017","120.81","120.48","120.86","118.96","1.07M","0.03%"
"Oct 18, 2017","120.77","123.21","123.58","120.67","1.13M","-1.61%"
"Oct 17, 2017","122.75","121.54","122.80","121.00","1.08M","1.11%"
"Oct 16, 2017","121.40","122.25","122.67","121.36","834.75K","-0.73%"
"Oct 13, 2017","122.29","122.88","123.13","121.71","826.50K","0.26%"
"Oct 12, 2017","121.97","120.42","122.42","120.42","1.44M","1.07%"
"Oct 11, 2017","120.68","120.86","121.07","119.27","812.18K","-0.23%"
"Oct 10, 2017","120.96","121.88","122.03","120.14","788.12K","-0.30%"
"Oct 09, 2017","121.33","122.00","122.45","120.86","1.13M","-0.34%"
"Oct 06, 2017","121.75","118.73","121.76","118.55","1.29M","1.99%"
"Oct 05, 2017","119.38","118.31","119.47","117.10","951.93K","1.12%"
"Oct 04, 2017","118.06","118.15","118.26","116.63","660.17K","0.20%"
"Oct 03, 2017","117.83","116.80","118.29","116.44","726.80K","0.88%"
"Oct 02, 2017","116.80","117.65","118.46","116.22","1.51M","-0.62%"
"Sep 29, 2017","117.53","116.81","117.79","116.20","1.15M","0.75%"
"Sep 28, 2017","116.65","115.19","116.72","114.71","1.05M","1.00%"
"Sep 27, 2017","115.50","112.49","116.58","112.43","1.77M","3.32%"
"Sep 26, 2017","111.79","112.88","112.95","110.17","1.53M","-0.04%"
"Sep 25, 2017","111.84","115.80","115.85","111.41","1.33M","-3.43%"
"Sep 22, 2017","115.81","114.76","116.14","114.68","630.57K","0.69%"
"Sep 21, 2017","115.02","115.29","115.64","113.93","857.46K","-0.33%"
"Sep 20, 2017","115.40","116.42","116.75","114.20","1.09M","-1.10%"
"Sep 19, 2017","116.68","116.85","116.97","115.94","1.24M","0.15%"
"Sep 18, 2017","116.51","116.63","117.66","115.96","1.13M","0.34%"
"Sep 15, 2017","116.11","116.49","116.84","114.76","1.00M","0.13%"
"Sep 14, 2017","115.96","115.50","116.72","114.50","1.59M","-0.08%"
"Sep 13, 2017","116.05","116.17","116.89","115.69","1.03M","-0.18%"
"Sep 12, 2017","116.26","117.94","118.17","115.14","1.32M","-1.20%"
"Sep 11, 2017","117.67","117.71","118.63","117.40","1.69M","1.09%"
"Sep 08, 2017","116.40","117.62","118.62","116.38","1.25M","-1.17%"
"Sep 07, 2017","117.78","115.33","118.64","115.33","1.59M","2.70%"
"Sep 06, 2017","114.68","116.39","116.70","114.08","1.11M","-1.27%"
"Sep 05, 2017","116.15","115.58","116.40","114.41","1.03M","0.57%"
"Sep 01, 2017","115.49","116.30","116.51","114.53","958.42K","-0.60%"
"Aug 31, 2017","116.19","114.55","116.53","114.51","1.47M","1.68%"
"Aug 30, 2017","114.27","111.61","115.81","111.61","1.30M","2.26%"
"Aug 29, 2017","111.75","110.62","112.20","110.14","1.01M","-0.14%"
"Aug 28, 2017","111.91","111.00","112.11","109.70","1.19M","1.19%"
"Aug 25, 2017","110.59","110.95","112.68","110.44","1.20M","-0.07%"
"Aug 24, 2017","110.67","110.07","110.93","109.61","728.39K","0.76%"
"Aug 23, 2017","109.84","109.30","110.98","108.84","974.23K","-0.52%"
"Aug 22, 2017","110.41","109.00","110.77","108.86","1.25M","1.47%"
"Aug 21, 2017","108.81","107.02","108.97","107.02","1.11M","1.47%"
"Aug 18, 2017","107.23","106.83","108.66","106.28","979.78K","0.35%"
"Aug 17, 2017","106.86","109.04","109.69","106.74","1.25M","-2.41%"
"Aug 16, 2017","109.50","107.89","109.83","107.57","899.53K","2.04%"
"Aug 15, 2017","107.31","107.75","108.35","106.71","920.34K","-0.55%"
"Aug 14, 2017","107.90","106.85","108.57","106.32","973.00K","1.74%"
"Aug 11, 2017","106.05","104.93","106.83","104.24","957.05K","1.56%"
"Aug 10, 2017","104.42","106.77","107.00","103.00","1.71M","-2.71%"
"Aug 09, 2017","107.33","106.87","107.86","106.63","894.25K","-0.33%"
"Aug 08, 2017","107.68","108.21","108.46","107.11","802.22K","-0.99%"
"Aug 07, 2017","108.76","109.65","109.75","108.47","1.01M","-0.87%"
"Aug 04, 2017","109.71","107.39","109.82","107.11","1.78M","2.42%"
"Aug 03, 2017","107.12","107.27","107.79","105.93","1.57M","-0.05%"
"Aug 02, 2017","107.17","110.82","110.92","105.89","1.94M","-3.23%"
"Aug 01, 2017","110.75","110.88","111.76","110.10","1.56M","0.27%"
"Jul 31, 2017","110.45","111.87","112.36","108.95","2.06M","-1.07%"
"Jul 28, 2017","111.65","109.75","111.67","108.90","2.08M","1.00%"
"Jul 27, 2017","110.54","115.13","115.85","108.21","5.05M","0.75%"
"Jul 26, 2017","109.72","107.96","110.11","107.86","2.87M","1.80%"
"Jul 25, 2017","107.78","108.11","108.18","106.80","1.90M","-0.16%"
"Jul 24, 2017","107.95","108.38","108.50","107.31","2.25M","-0.22%"
"Jul 21, 2017","108.19","109.88","109.92","107.58","2.15M","-1.50%"
"Jul 20, 2017","109.84","110.15","110.64","109.03","1.63M","-0.25%"
"Jul 19, 2017","110.12","111.00","111.68","110.10","1.50M","-0.60%"
"Jul 18, 2017","110.78","109.83","111.05","109.23","1.67M","0.71%"
"Jul 17, 2017","110.00","110.74","111.19","109.32","1.93M","-0.34%"
"Jul 14, 2017","110.38","108.80","110.71","108.05","3.09M","-0.76%"
"Jul 13, 2017","111.23","112.68","112.97","111.12","1.55M","-0.92%"
"Jul 12, 2017","112.26","110.00","113.01","109.58","1.76M","2.80%"
"Jul 11, 2017","109.20","107.73","110.00","107.18","1.63M","0.93%"
"Jul 10, 2017","108.19","106.66","108.47","106.29","1.38M","1.79%"
"Jul 07, 2017","106.29","104.53","106.85","104.53","1.59M","1.67%"
"Jul 06, 2017","104.54","104.05","105.70","103.80","1.66M","-0.54%"
"Jul 05, 2017","105.11","104.34","105.64","104.13","1.76M","1.48%"
"Jul 03, 2017","103.58","106.55","106.55","103.22","1.21M","-2.28%"
"Jun 30, 2017","106.00","106.14","106.68","104.82","1.54M","0.17%"
"Jun 29, 2017","105.82","108.47","108.81","104.51","2.37M","-2.75%"
"Jun 28, 2017","108.81","107.47","109.13","106.71","2.61M","1.91%"
"Jun 27, 2017","106.77","107.90","109.00","106.41","3.36M","-1.46%"
"Jun 26, 2017","108.35","107.90","108.79","106.78","2.23M","0.52%"
"Jun 23, 2017","107.79","106.99","108.55","106.47","2.33M","0.80%"
"Jun 22, 2017","106.93","105.94","108.08","104.66","2.33M","1.24%"
"Jun 21, 2017","105.62","103.82","105.82","103.36","1.73M","2.53%"
"Jun 20, 2017","103.01","103.83","105.30","102.78","1.92M","-0.57%"
"Jun 19, 2017","103.60","102.24","104.18","101.96","1.55M","2.37%"
"Jun 16, 2017","101.20","101.59","102.21","100.69","1.56M","-0.06%"
"Jun 15, 2017","101.26","99.95","101.82","99.01","2.35M","-0.88%"
"Jun 14, 2017","102.16","102.76","104.14","100.75","2.14M","-0.06%"
"Jun 13, 2017","102.22","103.55","103.89","101.30","2.07M","-0.10%"
"Jun 12, 2017","102.32","102.20","103.69","99.50","4.48M","-1.37%"
"Jun 09, 2017","103.74","109.75","110.66","101.82","3.86M","-5.42%"
"Jun 08, 2017","109.68","108.17","109.78","107.77","1.84M","1.38%"
"Jun 07, 2017","108.19","108.00","108.49","107.07","1.93M","0.30%"
"Jun 06, 2017","107.87","107.08","108.63","106.89","1.52M","0.41%"
"Jun 05, 2017","107.43","107.39","108.43","107.15","1.60M","0.12%"
"Jun 02, 2017","107.30","106.56","107.55","105.73","1.46M","0.74%"
"Jun 01, 2017","106.51","105.18","106.55","104.32","2.63M","1.78%"
"May 31, 2017","104.65","105.51","105.79","103.81","2.23M","-0.67%"
"May 30, 2017","105.36","105.42","106.80","104.82","1.61M","-0.63%"
"May 26, 2017","106.03","104.00","106.73","103.53","2.99M","1.44%"
"May 25, 2017","104.52","103.70","105.29","103.55","1.77M","1.48%"
"May 24, 2017","103.00","102.53","103.92","101.83","5.77M","1.28%"
"May 23, 2017","101.70","101.37","101.76","100.06","2.34M","0.00%"
"May 22, 2017","101.70","99.81","102.23","99.75","2.09M","2.42%"
"May 19, 2017","99.30","99.50","100.72","99.23","2.13M","0.33%"
"May 18, 2017","98.97","97.88","99.10","97.35","2.84M","0.43%"
"May 17, 2017","98.55","98.70","99.39","98.06","3.63M","-1.63%"
"May 16, 2017","100.18","98.76","100.19","97.81","1.85M","2.28%"
"May 15, 2017","97.95","97.24","98.61","96.91","892.45K","1.08%"
"May 12, 2017","96.90","96.81","97.35","95.99","966.06K","0.14%"
"May 11, 2017","96.76","96.50","96.92","95.50","1.10M","0.30%"
"May 10, 2017","96.47","97.22","97.57","96.36","1.21M","-0.88%"
"May 09, 2017","97.33","98.16","98.47","96.96","1.59M","-0.58%"
"May 08, 2017","97.90","97.67","99.09","97.15","2.17M","-0.17%"
"May 05, 2017","98.07","96.12","98.19","96.12","1.82M","2.13%"
"May 04, 2017","96.02","94.59","96.30","94.15","1.52M","2.03%"
"May 03, 2017","94.11","94.69","95.15","93.73","982.39K","-0.90%"
"May 02, 2017","94.96","94.82","95.10","93.77","1.17M","0.03%"
"May 01, 2017","94.93","94.64","95.44","93.71","2.74M","0.48%"
"Apr 28, 2017","94.48","94.30","95.32","92.94","2.34M","0.16%"
"Apr 27, 2017","94.33","96.28","96.92","93.30","4.69M","3.75%"
"Apr 26, 2017","90.92","90.43","91.21","89.03","2.81M","0.75%"
"Apr 25, 2017","90.24","89.92","90.80","89.56","1.42M","0.92%"
"Apr 24, 2017","89.42","89.67","89.67","88.35","1.31M","1.25%"
"Apr 21, 2017","88.32","88.80","89.43","88.08","1.08M","0.07%"
"Apr 20, 2017","88.26","88.49","88.49","87.46","1.35M","0.12%"
"Apr 19, 2017","88.15","87.96","88.40","87.65","1.19M","0.63%"
"Apr 18, 2017","87.60","86.00","87.67","85.93","1.38M","1.38%"
"Apr 17, 2017","86.41","85.04","86.42","84.92","1.12M","2.09%"
"Apr 13, 2017","84.64","84.37","85.20","84.34","1.13M","0.18%"
"Apr 12, 2017","84.49","85.01","85.71","84.03","874.25K","-1.05%"
"Apr 11, 2017","85.39","85.35","85.99","84.82","939.03K","-0.16%"
"Apr 10, 2017","85.53","85.95","86.39","85.42","671.44K","-0.57%"
"Apr 07, 2017","86.02","85.90","86.57","85.52","767.04K","-0.20%"
"Apr 06, 2017","86.19","85.75","86.42","85.10","673.56K","0.62%"
"Apr 05, 2017","85.66","85.99","87.68","85.41","1.42M","0.43%"
"Apr 04, 2017","85.29","86.06","87.38","85.20","1.18M","-1.08%"
"Apr 03, 2017","86.22","87.60","88.36","85.41","1.25M","-1.43%"
"Mar 31, 2017","87.47","86.82","88.00","86.38","910.62K","0.61%"
"Mar 30, 2017","86.94","87.44","87.70","86.81","771.79K","-0.76%"
"Mar 29, 2017","87.61","86.28","87.88","86.10","1.44M","1.87%"
"Mar 28, 2017","86.00","85.40","86.37","84.83","940.82K","1.33%"
"Mar 27, 2017","84.87","84.24","85.59","83.42","906.89K","0.07%"
"Mar 24, 2017","84.81","85.04","85.69","84.31","818.65K","0.49%"
"Mar 23, 2017","84.40","85.12","85.81","84.13","860.14K","-0.75%"
"Mar 22, 2017","85.04","83.85","85.19","83.46","1.42M","1.32%"
"Mar 21, 2017","83.93","88.80","89.00","83.79","2.41M","-4.74%"
"Mar 20, 2017","88.11","88.85","88.94","87.75","621.32K","-0.68%"
"Mar 17, 2017","88.71","89.05","89.47","88.51","1.01M","-0.10%"
"Mar 16, 2017","88.80","88.79","89.37","88.49","953.62K","0.44%"
"Mar 15, 2017","88.41","87.88","88.77","87.29","1.02M","1.07%"
"Mar 14, 2017","87.47","88.49","88.61","86.68","1.14M","-1.32%"
"Mar 13, 2017","88.64","88.09","88.86","87.66","1.29M","0.69%"
"Mar 10, 2017","88.03","88.27","88.59","86.90","857.09K","0.23%"
"Mar 09, 2017","87.83","87.31","88.13","86.39","893.16K","0.62%"
"Mar 08, 2017","87.29","87.32","88.27","86.98","794.03K","0.26%"
"Mar 07, 2017","87.06","86.33","87.69","86.10","1.48M","0.93%"
"Mar 06, 2017","86.26","85.93","86.77","85.56","1.42M","-0.24%"
"Mar 03, 2017","86.47","86.03","87.19","86.01","1.19M","0.15%"
"Mar 02, 2017","86.34","89.09","89.14","86.24","1.41M","-2.87%"
"Mar 01, 2017","88.89","88.02","88.99","86.74","3.17M","2.27%"
"Feb 28, 2017","86.92","87.22","88.28","86.81","2.17M","-0.95%"
"Feb 27, 2017","87.75","90.61","90.61","86.93","5.59M","-4.43%"
"Feb 24, 2017","91.82","91.60","92.39","90.66","1.04M","-0.90%"
"Feb 23, 2017","92.65","93.36","93.40","91.41","832.16K","-0.35%"
"Feb 22, 2017","92.98","92.71","93.67","92.17","547.67K","-0.21%"
"Feb 21, 2017","93.18","93.02","93.51","92.17","617.65K","0.47%"
"Feb 17, 2017","92.74","91.87","92.97","91.23","1.12M","0.97%"
"Feb 16, 2017","91.85","93.94","94.19","91.54","1.41M","-2.26%"
"Feb 15, 2017","93.97","92.44","94.72","92.33","1.58M","1.16%"
"Feb 14, 2017","92.89","91.68","93.30","91.35","1.42M","1.25%"
"Feb 13, 2017","91.74","92.18","92.50","91.50","960.53K","-0.78%"
"Feb 10, 2017","92.46","92.58","92.82","91.70","1.65M","0.17%"
"Feb 09, 2017","92.30","90.14","92.31","90.01","1.82M","2.45%"
"Feb 08, 2017","90.09","89.76","90.44","89.39","1.89M","-0.63%"
"Feb 07, 2017","90.66","90.81","91.16","90.35","1.65M","0.18%"
"Feb 06, 2017","90.50","89.19","90.71","88.63","1.44M","1.15%"
"Feb 03, 2017","89.47","89.18","89.99","89.12","2.45M","0.69%"
"Feb 02, 2017","88.86","89.25","89.84","88.23","2.13M","-0.94%"
"Feb 01, 2017","89.70","91.17","91.17","89.39","2.88M","-1.02%"
"Jan 31, 2017","90.62","90.10","90.67","88.95","1.33M","0.55%"
"Jan 30, 2017","90.12","89.60","90.33","88.01","1.59M","0.03%"
"Jan 27, 2017","90.09","89.01","90.50","88.71","1.98M","0.68%"
"Jan 26, 2017","89.48","92.01","92.98","89.41","4.37M","3.61%"
"Jan 25, 2017","86.36","84.91","86.96","84.49","2.69M","2.85%"
"Jan 24, 2017","83.97","83.86","84.59","82.14","1.49M","0.86%"
"Jan 23, 2017","83.25","83.84","83.91","82.26","988.78K","-0.18%"
"Jan 20, 2017","83.40","83.12","84.27","83.11","1.25M","0.85%"
"Jan 19, 2017","82.70","82.96","83.60","82.39","1.30M","-0.18%"
"Jan 18, 2017","82.85","83.01","84.35","82.69","1.47M","1.77%"
"Jan 17, 2017","81.41","83.08","83.25","81.29","879.93K","-2.54%"
"Jan 13, 2017","83.53","83.82","84.00","82.63","745.83K","0.08%"
"Jan 12, 2017","83.46","83.02","83.76","80.91","1.40M","-0.52%"
"Jan 11, 2017","83.90","81.26","84.90","81.26","2.08M","2.73%"
"Jan 10, 2017","81.67","82.25","82.43","81.14","1.27M","-0.40%"
"Jan 09, 2017","82.00","81.80","82.57","81.30","1.34M","-0.12%"
"Jan 06, 2017","82.10","79.24","82.39","78.90","1.69M","3.75%"
"Jan 05, 2017","79.13","78.71","79.67","78.34","1.56M","0.38%"
"Jan 04, 2017","78.83","76.09","78.98","75.89","2.02M","4.19%"
"Jan 03, 2017","75.66","75.31","76.99","74.63","1.10M","1.78%"
"Dec 30, 2016","74.34","75.11","75.44","73.66","1.05M","-0.80%"
"Dec 29, 2016","74.94","75.17","75.61","74.20","759.29K","-0.37%"
"Dec 28, 2016","75.22","76.76","77.05","75.14","978.40K","-2.16%"
"Dec 27, 2016","76.88","76.01","77.40","76.00","548.76K","1.13%"
"Dec 23, 2016","76.02","74.60","76.07","74.36","606.19K","1.97%"
"Dec 22, 2016","74.55","76.92","77.05","74.17","1.37M","-3.50%"
"Dec 21, 2016","77.25","78.04","78.04","76.03","1.02M","-1.34%"
"Dec 20, 2016","78.30","78.10","78.52","77.18","907.96K","1.03%"
"Dec 19, 2016","77.50","77.72","78.08","77.20","974.83K","-0.46%"
"Dec 16, 2016","77.86","79.46","79.88","77.26","1.34M","-1.98%"
"Dec 15, 2016","79.43","78.93","80.27","78.86","741.63K","0.61%"
"Dec 14, 2016","78.95","79.62","79.65","78.58","1.01M","-0.55%"
"Dec 13, 2016","79.39","78.69","80.70","78.69","864.15K","1.94%"
"Dec 12, 2016","77.88","78.85","78.85","76.76","1.69M","-1.91%"
"Dec 09, 2016","79.40","80.73","81.59","79.22","903.05K","-0.89%"
"Dec 08, 2016","80.11","80.40","80.78","79.52","1.30M","0.16%"
"Dec 07, 2016","79.98","80.17","80.17","78.22","1.41M","0.46%"
"Dec 06, 2016","79.61","80.00","80.00","78.47","1.66M","-0.33%"
"Dec 05, 2016","79.87","77.33","79.97","77.26","2.17M","4.32%"
"Dec 02, 2016","76.56","72.85","76.71","72.80","3.10M","-0.69%"
"Dec 01, 2016","77.09","83.20","83.50","76.34","3.12M","-7.29%"
"Nov 30, 2016","83.15","84.25","84.77","82.66","1.56M","-0.32%"
"Nov 29, 2016","83.42","84.85","85.50","83.27","1.56M","-1.65%"
"Nov 28, 2016","84.82","87.70","88.40","84.56","1.82M","-3.33%"
"Nov 25, 2016","87.74","86.91","88.39","86.50","718.83K","0.79%"
"Nov 23, 2016","87.05","85.93","87.66","85.93","1.35M","0.95%"
"Nov 22, 2016","86.23","86.26","86.68","85.42","1.34M","-0.37%"
"Nov 21, 2016","86.55","85.80","87.00","85.75","1.51M","0.93%"
"Nov 18, 2016","85.75","87.01","87.79","85.50","1.25M","-1.24%"
"Nov 17, 2016","86.83","85.77","87.17","85.50","917.13K","1.35%"
"Nov 16, 2016","85.67","85.24","86.03","84.89","1.07M","0.06%"
"Nov 15, 2016","85.62","83.43","86.22","83.20","1.65M","2.82%"
"Nov 14, 2016","83.27","82.89","83.92","82.30","1.36M","0.77%"
"Nov 11, 2016","82.63","81.81","82.83","80.50","1.85M","0.60%"
"Nov 10, 2016","82.14","85.75","87.70","82.05","2.60M","-3.34%"
"Nov 09, 2016","84.98","83.99","86.05","83.33","1.36M","-0.61%"
"Nov 08, 2016","85.50","84.47","86.00","83.75","1.14M","0.48%"
"Nov 07, 2016","85.09","84.77","85.82","84.39","1.41M","2.26%"
"Nov 04, 2016","83.21","84.00","84.77","83.10","1.63M","-0.80%"
"Nov 03, 2016","83.88","84.57","85.09","83.53","1.63M","-0.84%"
"Nov 02, 2016","84.59","86.02","86.92","84.55","1.65M","-2.65%"
"Nov 01, 2016","86.89","87.45","87.56","85.91","2.56M","-1.16%"
"Oct 31, 2016","87.91","86.13","88.04","85.89","2.79M","2.08%"
"Oct 28, 2016","86.12","85.21","87.39","84.58","3.10M","1.37%"
"Oct 27, 2016","84.96","86.82","89.79","84.56","11.11M","7.68%"
"Oct 26, 2016","78.90","79.51","79.98","78.61","2.29M","-1.12%"
"Oct 25, 2016","79.79","81.13","81.95","79.41","2.12M","-1.49%"
"Oct 24, 2016","81.00","80.39","81.58","80.16","2.13M","1.17%"
"Oct 21, 2016","80.06","78.45","80.26","78.19","1.46M","1.53%"
"Oct 20, 2016","78.85","78.71","79.00","78.19","1.56M","-0.09%"
"Oct 19, 2016","78.92","79.17","80.15","78.16","3.48M","3.62%"
"Oct 18, 2016","76.16","76.39","77.97","75.61","1.00M","2.04%"
"Oct 17, 2016","74.64","75.73","75.74","74.26","1.03M","-1.30%"
"Oct 14, 2016","75.62","76.15","76.44","75.06","1.58M","0.31%"
"Oct 13, 2016","75.39","74.75","75.62","73.85","1.49M","0.16%"
"Oct 12, 2016","75.27","76.63","77.07","73.02","3.20M","-4.48%"
"Oct 11, 2016","78.80","80.25","80.80","78.36","1.67M","-1.54%"
"Oct 10, 2016","80.03","79.04","80.49","79.04","1.06M","1.92%"
"Oct 07, 2016","78.52","78.15","78.95","77.47","1.29M","0.18%"
"Oct 06, 2016","78.38","79.49","79.91","77.97","1.17M","-1.32%"
"Oct 05, 2016","79.43","78.95","80.02","78.80","1.09M","0.19%"
"Oct 04, 2016","79.28","79.59","79.84","78.43","1.44M","-0.36%"
"Oct 03, 2016","79.57","79.07","79.72","78.40","1.06M","0.53%"
"Sep 30, 2016","79.15","78.76","79.70","78.06","1.57M","0.85%"
"Sep 29, 2016","78.48","79.41","80.10","77.73","1.03M","-1.62%"
"Sep 28, 2016","79.77","79.09","80.31","79.09","1.89M","0.92%"
"Sep 27, 2016","79.04","76.49","79.19","76.35","1.51M","2.98%"
"Sep 26, 2016","76.75","77.13","77.23","76.41","909.13K","-0.90%"
"Sep 23, 2016","77.45","77.62","77.78","76.80","1.21M","-0.60%"
"Sep 22, 2016","77.92","77.45","78.17","76.91","1.41M","1.35%"
"Sep 21, 2016","76.88","75.92","76.92","74.96","1.15M","2.13%"
"Sep 20, 2016","75.28","75.52","76.09","74.78","1.12M","-0.93%"
"Sep 19, 2016","75.99","77.88","78.20","75.90","923.85K","-1.68%"
"Sep 16, 2016","77.29","77.05","78.35","76.78","2.11M","-0.54%"
"Sep 15, 2016","77.71","73.27","77.75","72.98","3.08M","7.10%"
"Sep 14, 2016","72.56","72.47","73.28","71.98","1.30M","0.19%"
"Sep 13, 2016","72.42","73.61","74.27","71.34","2.00M","-2.83%"
"Sep 12, 2016","74.53","73.22","74.71","72.69","703.95K","1.29%"
"Sep 09, 2016","73.58","74.82","75.36","73.35","844.55K","-2.41%"
"Sep 08, 2016","75.40","76.40","76.65","74.94","1.15M","-1.52%"
"Sep 07, 2016","76.56","77.38","78.39","76.48","1.72M","-1.49%"
"Sep 06, 2016","77.72","76.73","77.99","75.98","2.14M","1.94%"
"Sep 02, 2016","76.24","74.10","76.86","74.10","1.99M","3.03%"
"Sep 01, 2016","74.00","72.13","74.09","71.93","1.55M","1.83%"
"Aug 31, 2016","72.67","72.70","72.80","71.74","956.95K","-1.05%"
"Aug 30, 2016","73.44","73.30","73.75","73.09","876.13K","0.07%"
"Aug 29, 2016","73.39","73.61","73.83","72.92","884.96K","-0.15%"
"Aug 26, 2016","73.50","73.42","74.08","72.88","746.44K","-0.14%"
"Aug 25, 2016","73.60","73.17","74.91","72.78","1.02M","1.14%"
"Aug 24, 2016","72.77","72.44","73.46","72.44","1.02M","0.21%"
"Aug 23, 2016","72.62","72.00","73.00","71.80","1.01M","1.72%"
"Aug 22, 2016","71.39","73.63","73.70","71.25","1.35M","-3.12%"
"Aug 19, 2016","73.69","72.86","73.96","72.58","736.33K","0.85%"
"Aug 18, 2016","73.07","73.24","73.63","72.48","1.04M","0.00%"
"Aug 17, 2016","73.07","74.21","74.70","72.68","1.17M","-1.95%"
"Aug 16, 2016","74.52","76.41","76.48","74.50","894.98K","-2.89%"
"Aug 15, 2016","76.74","75.84","76.81","75.15","861.62K","1.28%"
"Aug 12, 2016","75.77","75.53","75.80","74.96","1.08M","-0.42%"
"Aug 11, 2016","76.09","74.64","76.29","74.50","1.26M","2.07%"
"Aug 10, 2016","74.55","75.00","75.08","74.27","667.91K","-0.60%"
"Aug 09, 2016","75.00","74.82","75.28","74.67","733.14K","0.08%"
"Aug 08, 2016","74.94","75.00","75.63","74.64","1.12M","-1.17%"
"Aug 05, 2016","75.83","75.09","75.99","74.89","883.37K","1.19%"
"Aug 04, 2016","74.94","73.87","75.03","73.87","1.72M","0.90%"
"Aug 03, 2016","74.27","72.81","74.39","72.50","2.01M","1.42%"
"Aug 02, 2016","73.23","74.59","74.82","71.69","2.15M","-2.45%"
"Aug 01, 2016","75.07","74.79","75.45","74.05","1.29M","0.20%"
"Jul 29, 2016","74.92","75.90","75.90","73.44","2.50M","-1.91%"
"Jul 28, 2016","76.38","75.40","78.77","74.15","3.99M","4.66%"
"Jul 27, 2016","72.98","74.00","75.00","72.48","2.14M","-0.49%"
"Jul 26, 2016","73.34","73.56","73.98","72.96","1.12M","-0.30%"
"Jul 25, 2016","73.56","72.84","74.18","72.61","1.38M","1.22%"
"Jul 22, 2016","72.67","71.55","73.14","70.76","1.13M","2.28%"
"Jul 21, 2016","71.05","72.40","72.93","70.61","1.36M","-2.20%"
"Jul 20, 2016","72.65","70.68","73.42","70.11","1.76M","3.80%"
"Jul 19, 2016","69.99","69.83","70.91","69.63","939.53K","0.23%"
"Jul 18, 2016","69.83","70.82","70.90","69.68","1.43M","-1.68%"
"Jul 15, 2016","71.02","71.47","71.63","70.33","1.23M","1.23%"
"Jul 14, 2016","70.16","70.85","71.26","70.15","842.78K","0.01%"
"Jul 13, 2016","70.15","71.67","72.76","70.07","1.82M","-0.44%"
"Jul 12, 2016","70.46","69.34","72.33","68.11","1.86M","2.34%"
"Jul 11, 2016","68.85","69.41","70.28","68.80","1.14M","-0.39%"
"Jul 08, 2016","69.12","65.41","69.63","65.41","2.10M","6.32%"
"Jul 07, 2016","65.01","65.55","65.69","64.75","1.30M","-0.49%"
"Jul 06, 2016","65.33","65.05","65.56","64.31","1.17M","0.09%"
"Jul 05, 2016","65.27","65.91","65.91","64.77","1.54M","-1.42%"
"Jul 01, 2016","66.21","66.52","67.45","66.01","817.23K","-0.29%"
"Jun 30, 2016","66.40","67.00","67.00","64.90","1.72M","-0.06%"
"Jun 29, 2016","66.44","65.83","66.98","65.57","1.48M","2.01%"
"Jun 28, 2016","65.13","65.00","65.70","63.88","2.26M","2.29%"
"Jun 27, 2016","63.67","69.67","69.86","63.51","3.03M","-9.47%"
"Jun 24, 2016","70.33","72.57","73.22","70.21","2.65M","-6.45%"
"Jun 23, 2016","75.18","72.15","75.19","71.75","1.36M","4.53%"
"Jun 22, 2016","71.92","72.47","72.62","71.80","752.32K","-1.11%"
"Jun 21, 2016","72.73","72.86","73.14","71.87","927.38K","0.18%"
"Jun 20, 2016","72.60","73.17","73.63","72.50","1.11M","0.74%"
"Jun 17, 2016","72.07","73.27","74.53","71.62","1.77M","-2.19%"
"Jun 16, 2016","73.68","73.81","73.96","72.68","776.92K","-1.06%"
"Jun 15, 2016","74.47","73.12","75.09","73.01","1.08M","2.04%"
"Jun 14, 2016","72.98","72.51","73.52","72.19","934.76K","0.37%"
"Jun 13, 2016","72.71","73.32","74.38","72.55","1.75M","-1.78%"
"Jun 10, 2016","74.03","74.68","75.09","73.79","1.39M","-2.02%"
"Jun 09, 2016","75.56","76.43","77.26","75.40","855.97K","-1.92%"
"Jun 08, 2016","77.04","75.96","77.76","75.40","2.53M","1.34%"
"Jun 07, 2016","76.02","74.88","76.07","74.05","1.98M","1.28%"
"Jun 06, 2016","75.06","73.69","75.25","73.46","1.08M","2.08%"
"Jun 03, 2016","73.53","73.82","74.00","72.86","1.10M","-0.94%"
"Jun 02, 2016","74.23","72.79","74.26","72.51","1.18M","1.45%"
"Jun 01, 2016","73.17","71.38","73.50","71.06","1.89M","2.15%"
"May 31, 2016","71.63","70.58","71.69","70.27","2.30M","1.27%"
"May 27, 2016","70.73","69.91","70.89","68.91","1.35M","0.97%"
"May 26, 2016","70.05","70.71","71.06","69.94","1.17M","-1.00%"
"May 25, 2016","70.76","71.35","71.50","70.63","1.12M","-0.31%"
"May 24, 2016","70.98","70.54","71.81","70.09","1.50M","1.07%"
"May 23, 2016","70.23","69.57","71.13","69.39","1.18M","0.33%"
"May 20, 2016","70.00","70.38","70.77","68.08","2.88M","0.36%"
"May 19, 2016","69.75","71.00","72.00","69.61","1.92M","-0.40%"
"May 18, 2016","70.03","69.59","71.05","69.23","1.01M","0.76%"
"May 17, 2016","69.50","70.17","70.51","68.96","1.18M","-1.14%"
"May 16, 2016","70.30","67.56","70.45","67.29","1.94M","4.24%"
"May 13, 2016","67.44","67.26","68.38","66.84","1.47M","-0.04%"
"May 12, 2016","67.47","69.29","69.58","67.20","1.69M","-1.70%"
"May 11, 2016","68.64","68.51","70.12","68.42","1.56M","0.16%"
"May 10, 2016","68.53","67.44","68.70","67.18","1.40M","1.63%"
"May 09, 2016","67.43","66.85","68.30","66.80","918.83K","0.22%"
"May 06, 2016","67.28","67.05","67.74","65.83","1.61M","-0.75%"
"May 05, 2016","67.79","68.07","68.63","67.27","1.51M","0.27%"
"May 04, 2016","67.61","69.48","69.83","67.52","1.70M","-3.19%"
"May 03, 2016","69.84","70.84","71.09","69.14","1.60M","-3.03%"
"May 02, 2016","72.02","71.45","72.10","70.86","1.16M","0.76%"
"Apr 29, 2016","71.48","71.34","72.13","70.17","1.78M","0.15%"
"Apr 28, 2016","71.37","73.12","73.64","71.12","1.41M","-2.43%"
"Apr 27, 2016","73.15","72.25","73.81","72.25","1.52M","0.67%"
"Apr 26, 2016","72.66","73.42","73.49","72.07","1.41M","-1.02%"
"Apr 25, 2016","73.41","73.35","74.57","73.00","2.53M","0.41%"
"Apr 22, 2016","73.11","73.44","73.75","71.80","3.25M","-1.56%"
"Apr 21, 2016","74.27","74.77","76.84","73.21","8.40M","14.07%"
"Apr 20, 2016","65.11","64.18","65.50","63.88","2.80M","2.26%"
"Apr 19, 2016","63.67","64.47","64.74","62.55","2.09M","-1.24%"
"Apr 18, 2016","64.47","63.20","64.90","63.02","2.26M","1.88%"
"Apr 15, 2016","63.28","63.18","63.42","62.46","1.19M","0.44%"
"Apr 14, 2016","63.00","63.08","63.50","61.90","3.44M","-1.21%"
"Apr 13, 2016","63.77","62.47","63.93","61.43","1.78M","3.27%"
"Apr 12, 2016","61.75","62.99","63.32","61.55","2.46M","-2.46%"
"Apr 11, 2016","63.31","64.87","65.33","63.18","1.35M","-1.84%"
"Apr 08, 2016","64.50","64.36","65.03","63.79","1.24M","0.75%"
"Apr 07, 2016","64.02","63.59","64.82","63.32","1.30M","0.28%"
"Apr 06, 2016","63.84","63.74","64.11","62.91","1.78M","0.30%"
"Apr 05, 2016","63.65","63.47","64.41","63.11","1.67M","-0.98%"
"Apr 04, 2016","64.28","62.07","64.37","61.96","2.27M","3.63%"
"Apr 01, 2016","62.03","61.13","62.25","60.05","1.54M","1.39%"
"Mar 31, 2016","61.18","60.90","61.41","59.93","2.39M","0.18%"
"Mar 30, 2016","61.07","61.50","62.43","61.02","1.66M","-0.11%"
"Mar 29, 2016","61.14","60.24","61.37","59.93","1.56M","1.33%"
"Mar 28, 2016","60.34","61.64","61.67","59.77","1.62M","-2.19%"
"Mar 24, 2016","61.69","61.53","61.72","60.83","1.05M","-0.90%"
"Mar 23, 2016","62.25","62.20","63.12","61.99","2.04M","-0.11%"
"Mar 22, 2016","62.32","60.42","62.82","60.25","1.62M","2.08%"
"Mar 21, 2016","61.05","60.25","61.32","59.91","1.38M","1.50%"
"Mar 18, 2016","60.15","61.05","61.34","59.94","2.74M","-1.07%"
"Mar 17, 2016","60.80","62.33","62.76","60.15","2.47M","-2.52%"
"Mar 16, 2016","62.37","61.35","62.64","60.97","1.19M","1.17%"
"Mar 15, 2016","61.65","61.89","62.07","60.75","1.52M","-1.12%"
"Mar 14, 2016","62.35","62.84","63.11","61.86","1.80M","-1.58%"
"Mar 11, 2016","63.35","61.10","63.67","60.94","2.12M","4.33%"
"Mar 10, 2016","60.72","61.40","62.32","59.76","2.30M","0.38%"
"Mar 09, 2016","60.49","60.54","60.58","59.25","2.23M","0.25%"
"Mar 08, 2016","60.34","58.41","61.05","58.15","3.14M","3.64%"
"Mar 07, 2016","58.22","57.99","58.80","56.58","1.39M","-0.48%"
"Mar 04, 2016","58.50","58.87","59.56","58.13","1.91M","0.24%"
"Mar 03, 2016","58.36","57.36","58.40","56.74","2.31M","1.21%"
"Mar 02, 2016","57.66","57.50","58.11","56.62","2.06M","-0.33%"
"Mar 01, 2016","57.85","55.84","57.85","55.36","3.65M","5.20%"
"Feb 29, 2016","54.99","55.25","56.23","54.94","1.97M","-0.94%"
"Feb 26, 2016","55.51","54.58","56.20","54.27","2.59M","2.49%"
"Feb 25, 2016","54.16","53.11","55.00","52.77","2.70M","3.06%"
"Feb 24, 2016","52.55","52.02","52.75","50.00","2.69M","-0.87%"
"Feb 23, 2016","53.01","54.24","54.39","51.45","2.87M","-3.07%"
"Feb 22, 2016","54.69","55.10","56.35","54.25","2.46M","-0.09%"
"Feb 19, 2016","54.74","54.22","55.62","54.06","2.84M","0.88%"
"Feb 18, 2016","54.26","55.53","55.84","54.22","3.31M","-1.81%"
"Feb 17, 2016","55.26","52.50","55.55","52.31","5.31M","6.19%"
"Feb 16, 2016","52.04","50.59","52.26","49.95","2.72M","3.91%"
"Feb 12, 2016","50.08","49.48","50.29","48.11","2.10M","2.14%"
"Feb 11, 2016","49.03","49.28","49.64","47.31","2.91M","-1.92%"
"Feb 10, 2016","49.99","48.67","51.80","48.67","3.09M","3.03%"
"Feb 09, 2016","48.52","46.60","49.33","46.12","5.62M","2.93%"
"Feb 08, 2016","47.14","50.92","51.12","45.99","6.55M","-9.88%"
"Feb 05, 2016","52.31","54.12","55.47","49.46","7.26M","-10.76%"
"Feb 04, 2016","58.62","58.85","60.25","58.39","3.65M","-1.15%"
"Feb 03, 2016","59.30","57.57","59.44","56.67","3.65M","3.58%"
"Feb 02, 2016","57.25","61.48","61.64","56.83","4.79M","-7.60%"
"Feb 01, 2016","61.96","61.60","62.83","61.44","2.67M","-0.40%"
"Jan 29, 2016","62.21","63.99","65.51","60.71","7.29M","-2.14%"
"Jan 28, 2016","63.57","57.82","64.38","57.67","19.78M","-15.66%"
"Jan 27, 2016","75.37","77.12","77.60","74.53","4.27M","-3.32%"
"Jan 26, 2016","77.96","76.12","78.19","75.27","2.50M","2.44%"
"Jan 25, 2016","76.10","76.44","77.16","75.06","1.84M","-0.74%"
"Jan 22, 2016","76.67","75.58","76.76","75.58","1.27M","3.04%"
"Jan 21, 2016","74.41","74.74","76.11","73.62","1.92M","0.13%"
"Jan 20, 2016","74.31","73.25","75.32","70.14","2.11M","-0.01%"
"Jan 19, 2016","74.32","77.16","77.79","73.67","1.99M","-2.65%"
"Jan 15, 2016","76.34","76.12","77.26","74.72","1.77M","-2.39%"
"Jan 14, 2016","78.21","77.23","78.50","73.91","1.51M","1.85%"
"Jan 13, 2016","76.79","81.09","81.79","75.49","1.89M","-5.19%"
"Jan 12, 2016","80.99","79.73","81.49","79.73","1.67M","3.13%"
"Jan 11, 2016","78.53","78.72","79.06","77.20","1.11M","0.52%"
"Jan 08, 2016","78.12","80.11","80.65","77.89","1.22M","-1.91%"
"Jan 07, 2016","79.64","79.68","81.65","78.93","1.55M","-2.19%"
"Jan 06, 2016","81.42","82.88","83.06","80.70","1.42M","-3.07%"
"Jan 05, 2016","84.00","84.51","85.55","83.47","1.33M","-0.08%"
"Jan 04, 2016","84.07","84.98","85.67","83.17","1.27M","-2.88%"
"Dec 31, 2015","86.56","87.38","87.61","85.99","708.46K","-0.94%"
"Dec 30, 2015","87.38","88.20","88.36","87.13","691.96K","-0.84%"
"Dec 29, 2015","88.12","87.47","88.56","87.36","1.12M","1.42%"
"Dec 28, 2015","86.89","86.64","87.26","86.29","471.58K","-0.08%"
"Dec 24, 2015","86.96","86.80","87.36","86.59","251.29K","0.08%"
"Dec 23, 2015","86.89","86.97","87.63","86.40","920.03K","0.47%"
"Dec 22, 2015","86.48","87.50","87.55","86.07","1.03M","-0.62%"
"Dec 21, 2015","87.02","86.93","87.10","86.12","1.46M","1.50%"
"Dec 18, 2015","85.73","87.18","87.82","85.72","3.04M","-1.76%"
"Dec 17, 2015","87.27","87.51","88.22","85.69","1.57M","-0.14%"
"Dec 16, 2015","87.39","85.99","87.60","84.94","1.57M","2.09%"
"Dec 15, 2015","85.60","84.03","86.29","84.03","1.42M","2.43%"
"Dec 14, 2015","83.57","83.47","84.25","82.12","1.64M","0.10%"
"Dec 11, 2015","83.49","85.97","87.00","83.17","1.90M","-3.97%"
"Dec 10, 2015","86.94","86.07","87.88","85.97","1.12M","0.98%"
"Dec 09, 2015","86.10","87.28","87.66","85.72","1.17M","-1.85%"
"Dec 08, 2015","87.72","87.07","88.47","85.65","1.39M","-0.30%"
"Dec 07, 2015","87.98","89.53","89.91","87.63","1.24M","-2.23%"
"Dec 04, 2015","89.99","88.10","91.28","88.10","1.82M","2.16%"
"Dec 03, 2015","88.09","88.32","90.54","87.56","2.28M","0.64%"
"Dec 02, 2015","87.53","87.00","88.90","86.80","1.86M","1.23%"
"Dec 01, 2015","86.47","87.27","87.42","86.13","1.42M","-0.62%"
"Nov 30, 2015","87.01","87.58","87.58","86.14","1.21M","-0.32%"
"Nov 27, 2015","87.29","86.74","87.74","86.66","420.55K","0.46%"
"Nov 25, 2015","86.89","86.67","87.73","86.66","665.06K","0.22%"
"Nov 24, 2015","86.70","85.71","86.86","85.15","832.13K","0.28%"
"Nov 23, 2015","86.46","86.07","87.70","85.82","880.13K","0.31%"
"Nov 20, 2015","86.19","86.14","87.21","85.77","1.44M","0.51%"
"Nov 19, 2015","85.75","86.00","86.99","85.55","1.60M","0.00%"
"Nov 18, 2015","85.75","85.00","85.95","84.28","1.97M","0.99%"
"Nov 17, 2015","84.91","84.40","85.53","84.00","921.36K","0.64%"
"Nov 16, 2015","84.37","82.57","84.64","82.04","763.56K","1.80%"
"Nov 13, 2015","82.88","84.04","84.64","82.32","1.11M","-1.92%"
"Nov 12, 2015","84.50","83.49","85.25","82.89","1.05M","0.72%"
"Nov 11, 2015","83.90","84.00","84.67","83.08","856.44K","-0.30%"
"Nov 10, 2015","84.15","83.73","84.50","83.21","1.30M","-0.53%"
"Nov 09, 2015","84.60","85.00","85.53","84.07","1.36M","-0.75%"
"Nov 06, 2015","85.24","84.12","85.88","84.00","1.34M","1.59%"
"Nov 05, 2015","83.91","83.23","84.49","82.79","1.31M","0.08%"
"Nov 04, 2015","83.84","82.67","84.40","82.16","1.73M","1.59%"
"Nov 03, 2015","82.53","82.00","83.68","81.18","1.27M","0.62%"
"Nov 02, 2015","82.02","81.68","82.42","80.64","798.76K","0.45%"
"Oct 30, 2015","81.65","81.94","82.35","80.90","1.43M","0.11%"
"Oct 29, 2015","81.56","82.01","82.91","81.38","815.64K","-0.72%"
"Oct 28, 2015","82.15","80.08","82.18","79.72","1.74M","2.47%"
"Oct 27, 2015","80.17","78.37","80.47","78.17","1.80M","1.74%"
"Oct 26, 2015","78.80","78.87","79.30","77.75","938.20K","-0.11%"
"Oct 23, 2015","78.89","78.19","78.96","75.32","2.62M","1.21%"
"Oct 22, 2015","77.95","72.31","78.61","72.29","4.02M","6.75%"
"Oct 21, 2015","73.02","74.94","75.13","72.96","2.60M","-2.29%"
"Oct 20, 2015","74.73","75.92","76.59","74.32","1.16M","-1.40%"
"Oct 19, 2015","75.79","76.34","76.73","74.87","1.04M","-0.88%"
"Oct 16, 2015","76.46","75.38","76.49","75.07","1.05M","1.08%"
"Oct 15, 2015","75.64","73.99","76.30","73.92","1.29M","2.35%"
"Oct 14, 2015","73.90","74.02","75.02","73.43","1.02M","-0.35%"
"Oct 13, 2015","74.16","74.08","76.21","73.60","767.87K","-0.16%"
"Oct 12, 2015","74.28","74.34","75.24","73.56","555.59K","-0.19%"
"Oct 09, 2015","74.42","73.12","74.72","72.17","942.28K","1.92%"
"Oct 08, 2015","73.02","74.93","74.93","71.77","1.68M","-2.60%"
"Oct 07, 2015","74.97","75.23","75.27","73.02","1.85M","0.52%"
"Oct 06, 2015","74.58","75.90","76.91","74.25","1.27M","-2.47%"
"Oct 05, 2015","76.47","72.62","76.53","72.40","1.83M","5.87%"
"Oct 02, 2015","72.23","70.35","72.26","69.90","924.31K","0.91%"
"Oct 01, 2015","71.58","69.14","71.65","67.65","1.78M","3.07%"
"Sep 30, 2015","69.45","69.72","70.30","67.07","1.69M","0.74%"
"Sep 29, 2015","68.94","68.97","69.65","67.76","1.08M","-0.13%"
"Sep 28, 2015","69.03","72.63","72.81","68.76","1.76M","-5.26%"
"Sep 25, 2015","72.86","73.13","74.48","71.94","2.37M","1.03%"
"Sep 24, 2015","72.12","72.69","72.73","70.97","1.11M","-1.19%"
"Sep 23, 2015","72.99","73.18","74.25","72.38","798.08K","-0.10%"
"Sep 22, 2015","73.06","73.27","73.75","72.17","1.06M","-1.81%"
"Sep 21, 2015","74.41","74.78","75.62","73.64","1.01M","0.07%"
"Sep 18, 2015","74.36","73.72","75.02","73.63","1.42M","-0.34%"
"Sep 17, 2015","74.61","73.61","75.54","73.57","720.91K","0.91%"
"Sep 16, 2015","73.94","74.41","74.62","73.37","894.76K","-0.43%"
"Sep 15, 2015","74.26","73.65","74.36","73.03","827.37K","0.95%"
"Sep 14, 2015","73.56","73.57","73.87","72.35","1.04M","-0.05%"
"Sep 11, 2015","73.60","72.75","73.66","71.88","839.27K","1.29%"
"Sep 10, 2015","72.66","71.64","73.24","71.64","871.19K","0.89%"
"Sep 09, 2015","72.02","73.75","74.44","71.81","1.25M","-1.79%"
"Sep 08, 2015","73.33","70.98","73.45","70.70","1.35M","5.07%"
"Sep 04, 2015","69.79","70.21","70.75","69.25","1.07M","-2.01%"
"Sep 03, 2015","71.22","70.34","71.93","70.07","1.54M","1.82%"
"Sep 02, 2015","69.95","69.57","69.96","67.85","1.78M","1.49%"
"Sep 01, 2015","68.92","69.59","70.87","68.65","1.57M","-2.87%"
"Aug 31, 2015","70.96","72.15","72.78","70.84","1.00M","-2.18%"
"Aug 28, 2015","72.54","72.36","73.37","71.54","856.54K","0.25%"
"Aug 27, 2015","72.36","71.94","73.26","70.42","1.58M","1.33%"
"Aug 26, 2015","71.41","70.34","71.69","68.88","1.67M","3.99%"
"Aug 25, 2015","68.67","70.80","72.13","68.24","1.93M","0.99%"
"Aug 24, 2015","68.00","65.97","71.96","64.29","3.30M","-2.73%"
"Aug 21, 2015","69.91","69.43","71.00","68.55","1.83M","-0.57%"
"Aug 20, 2015","70.31","74.88","74.95","70.16","1.68M","-7.03%"
"Aug 19, 2015","75.63","76.50","76.54","74.80","1.16M","-0.34%"
"Aug 18, 2015","75.89","77.28","77.88","75.82","588.10K","-1.76%"
"Aug 17, 2015","77.25","76.03","77.28","75.82","634.20K","0.81%"
"Aug 14, 2015","76.63","75.50","76.75","74.59","805.87K","1.23%"
"Aug 13, 2015","75.70","76.71","77.05","74.73","912.88K","-1.50%"
"Aug 12, 2015","76.85","75.90","76.91","74.44","1.09M","0.23%"
"Aug 11, 2015","76.67","75.80","77.10","75.30","710.93K","0.10%"
"Aug 10, 2015","76.59","77.54","77.84","76.32","879.54K","-0.47%"
"Aug 07, 2015","76.95","75.91","77.00","74.91","932.60K","1.26%"
"Aug 06, 2015","75.99","78.28","78.28","75.42","1.68M","-3.09%"
"Aug 05, 2015","78.41","78.22","79.89","78.02","1.17M","0.64%"
"Aug 04, 2015","77.91","79.28","79.48","77.20","1.97M","-1.57%"
"Aug 03, 2015","79.15","80.50","80.96","78.56","1.19M","-1.68%"
"Jul 31, 2015","80.50","80.24","81.13","79.38","1.83M","-0.65%"
"Jul 30, 2015","81.03","78.48","81.21","76.60","3.26M","3.91%"
"Jul 29, 2015","77.98","76.90","78.50","74.95","3.94M","-0.83%"
"Jul 28, 2015","78.63","76.77","78.88","76.08","1.06M","3.00%"
"Jul 27, 2015","76.34","78.85","78.89","76.12","1.58M","-4.14%"
"Jul 24, 2015","79.64","78.47","80.97","77.51","1.44M","2.08%"
"Jul 23, 2015","78.02","78.32","79.25","77.47","920.54K","0.22%"
"Jul 22, 2015","77.85","78.11","78.94","77.77","622.94K","-0.92%"
"Jul 21, 2015","78.57","78.81","79.68","77.97","574.71K","-0.34%"
"Jul 20, 2015","78.84","79.17","79.33","78.57","453.03K","-0.10%"
"Jul 17, 2015","78.92","79.12","80.23","78.57","809.53K","0.00%"
"Jul 16, 2015","78.92","78.15","79.15","77.83","665.94K","1.73%"
"Jul 15, 2015","77.58","77.60","78.42","76.96","911.70K","0.22%"
"Jul 14, 2015","77.41","76.70","78.85","76.70","998.34K","1.06%"
"Jul 13, 2015","76.60","77.34","77.55","75.81","999.37K","-0.18%"
"Jul 10, 2015","76.74","77.15","77.58","76.62","656.49K","0.74%"
"Jul 09, 2015","76.18","75.61","77.05","75.61","931.11K","1.80%"
"Jul 08, 2015","74.83","74.99","76.04","74.21","703.24K","-1.12%"
"Jul 07, 2015","75.68","73.87","75.86","72.08","1.38M","2.69%"
"Jul 06, 2015","73.70","73.40","74.72","73.07","1.08M","-1.11%"
"Jul 02, 2015","74.53","73.87","74.60","73.16","801.96K","0.85%"
"Jul 01, 2015","73.90","75.42","75.63","73.47","1.07M","-0.55%"
"Jun 30, 2015","74.31","74.30","74.71","73.60","1.11M","0.73%"
"Jun 29, 2015","73.77","75.81","76.61","73.46","1.31M","-4.22%"
"Jun 26, 2015","77.02","79.27","79.27","75.31","2.09M","-2.41%"
"Jun 25, 2015","78.92","77.82","79.32","77.75","1.07M","1.87%"
"Jun 24, 2015","77.47","80.39","80.64","77.13","1.69M","-4.06%"
"Jun 23, 2015","80.75","80.90","80.90","80.04","674.39K","0.54%"
"Jun 22, 2015","80.32","81.00","81.67","79.63","928.92K","-0.07%"
"Jun 19, 2015","80.38","81.32","81.32","80.01","1.93M","-0.73%"
"Jun 18, 2015","80.97","80.19","81.15","79.20","1.60M","1.31%"
"Jun 17, 2015","79.92","79.51","80.89","79.37","1.31M","0.65%"
"Jun 16, 2015","79.40","77.57","79.43","77.35","941.31K","2.27%"
"Jun 15, 2015","77.64","77.07","77.87","76.46","673.99K","-0.38%"
"Jun 12, 2015","77.94","77.33","78.28","77.33","580.55K","0.27%"
"Jun 11, 2015","77.73","78.00","78.68","77.11","822.05K","0.04%"
"Jun 10, 2015","77.70","75.90","77.82","75.24","1.26M","2.70%"
"Jun 09, 2015","75.66","75.11","76.18","73.66","1.29M","1.33%"
"Jun 08, 2015","74.67","76.78","77.11","74.67","1.16M","-2.89%"
"Jun 05, 2015","76.89","74.91","77.16","74.91","1.14M","1.90%"
"Jun 04, 2015","75.46","76.20","77.11","74.95","953.89K","-1.50%"
"Jun 03, 2015","76.61","75.39","76.81","75.23","898.31K","1.63%"
"Jun 02, 2015","75.38","75.60","75.91","75.04","1.13M","-0.40%"
"Jun 01, 2015","75.68","76.64","76.90","75.02","1.36M","-1.21%"
"May 29, 2015","76.61","77.97","78.05","76.02","2.92M","-2.28%"
"May 28, 2015","78.40","78.00","79.13","77.62","1.36M","0.01%"
"May 27, 2015","78.39","77.25","78.65","75.66","1.49M","0.88%"
"May 26, 2015","77.71","78.34","78.69","76.95","1.02M","-1.33%"
"May 22, 2015","78.76","78.58","79.00","77.60","1.21M","-0.14%"
"May 21, 2015","78.87","77.74","78.96","77.55","1.15M","1.83%"
"May 20, 2015","77.45","77.72","77.91","76.26","1.83M","-0.42%"
"May 19, 2015","77.78","77.24","78.27","76.77","1.52M","0.67%"
"May 18, 2015","77.26","75.32","77.53","75.32","990.63K","2.05%"
"May 15, 2015","75.71","76.01","76.35","75.04","867.01K","-0.45%"
"May 14, 2015","76.05","75.34","77.14","74.46","1.57M","1.25%"
"May 13, 2015","75.11","74.39","75.31","73.46","1.60M","1.14%"
"May 12, 2015","74.26","73.00","74.98","72.09","837.21K","0.36%"
"May 11, 2015","73.99","73.71","74.66","73.39","758.60K","0.11%"
"May 08, 2015","73.91","74.85","76.26","73.90","1.86M","-0.14%"
"May 07, 2015","74.01","73.29","74.41","73.05","682.92K","0.97%"
"May 06, 2015","73.30","73.50","73.98","72.34","889.63K","0.03%"
"May 05, 2015","73.28","73.00","73.79","71.42","1.89M","-0.45%"
"May 04, 2015","73.61","73.73","74.54","73.42","869.20K","-0.19%"
"May 01, 2015","73.75","74.57","75.48","73.52","1.46M","-1.48%"
"Apr 30, 2015","74.86","76.66","77.57","74.57","1.73M","-3.37%"
"Apr 29, 2015","77.47","74.62","79.50","73.64","2.82M","3.31%"
"Apr 28, 2015","74.99","74.98","75.96","74.00","1.13M","0.31%"
"Apr 27, 2015","74.76","76.79","76.79","74.42","1.34M","-1.75%"
"Apr 24, 2015","76.09","77.31","77.34","76.01","1.38M","-1.03%"
"Apr 23, 2015","76.88","77.10","77.71","76.75","1.80M","-1.08%"
"Apr 22, 2015","77.72","77.93","78.23","76.70","2.24M","0.28%"
"Apr 21, 2015","77.50","75.51","77.81","75.51","3.63M","3.83%"
"Apr 20, 2015","74.64","73.60","75.66","72.78","3.78M","1.84%"
"Apr 17, 2015","73.29","74.75","74.99","70.32","13.05M","-11.53%"
"Apr 16, 2015","82.84","80.36","83.45","80.31","4.30M","2.59%"
"Apr 15, 2015","80.75","80.46","80.95","79.71","1.16M","0.69%"
"Apr 14, 2015","80.20","80.74","81.09","79.50","1.00M","-0.66%"
"Apr 13, 2015","80.73","82.79","83.52","80.66","1.22M","-1.96%"